atp,lam,kin,kdam1,kdam2,bs
500.0,0.001,0.005263157894736842,0.08911919703381639,0.03365413884624916,bp
500.0,0.001,0.010526315789473684,0.32331767350394525,0.06368982305848347,bp
500.0,0.001,0.015789473684210527,0.6705748571297685,0.08975100978868696,bp
500.0,0.0030526315789473684,0.02631578947368421,0.02656147429541536,0.02538369912592187,bp
500.0,0.0030526315789473684,0.031578947368421054,0.03576793730167951,0.03099474379895587,bp
500.0,0.0030526315789473684,0.03684210526315789,0.04633551434725847,0.03626485688419813,bp
500.0,0.0030526315789473684,0.042105263157894736,0.05812460953458981,0.041269745922538334,bp
500.0,0.0030526315789473684,0.04736842105263158,0.07103685702743119,0.04604937286204106,bp
500.0,0.0030526315789473684,0.05263157894736842,0.08499170971408816,0.0506310958444706,bp
500.0,0.0030526315789473684,0.05789473684210526,0.0999197675159459,0.05503588435016158,bp
500.0,0.0030526315789473684,0.06315789473684211,0.11575984975650372,0.0592807607081023,bp
500.0,0.0030526315789473684,0.06842105263157895,0.13245733359572834,0.06338000163691776,bp
500.0,0.0030526315789473684,0.07368421052631578,0.1499630474135347,0.06780695964408393,bp
500.0,0.0030526315789473684,0.07894736842105263,0.1682324587188893,0.08570879333247189,bp
500.0,0.0030526315789473684,0.08421052631578947,0.18722504223079378,0.11021461528062398,bp
500.0,0.0030526315789473684,0.08947368421052632,0.20690376996318013,0.13658400261445583,bp
500.0,0.0030526315789473684,0.09473684210526316,0.22723468992782683,0.16369300799977915,bp
500.0,0.0030526315789473684,0.1,0.2481865723615085,0.19163963399240014,bp
500.0,0.005105263157894737,0.08421052631578947,0.03162385340508503,0.03161458565378292,bp
500.0,0.005105263157894737,0.08947368421052632,0.03438617913086602,0.033941274286392056,bp
500.0,0.005105263157894737,0.09473684210526316,0.03734631807798549,0.03614122828424991,bp
500.0,0.005105263157894737,0.1,0.04045870437093044,0.03825836466822679,bp
763.1578947368421,0.001,0.005263157894736842,0.2008713163473235,0.052164096236153035,bp
763.1578947368421,0.001,0.010526315789473684,0.7464571436407971,0.0995180344311074,bp
763.1578947368421,0.0030526315789473684,0.015789473684210527,0.0238479061030061,0.023693808503201526,bp
763.1578947368421,0.0030526315789473684,0.021052631578947368,0.038503630300276134,0.0334139239982622,bp
763.1578947368421,0.0030526315789473684,0.02631578947368421,0.05704069094541806,0.042486308040832914,bp
763.1578947368421,0.0030526315789473684,0.031578947368421054,0.07905101878942634,0.05113185781005681,bp
763.1578947368421,0.0030526315789473684,0.03684210526315789,0.1042901816500252,0.059420879652357324,bp
763.1578947368421,0.0030526315789473684,0.042105263157894736,0.13255645179106368,0.06739514916789388,bp
763.1578947368421,0.0030526315789473684,0.04736842105263158,0.16367259256504169,0.07508539397293598,bp
763.1578947368421,0.0030526315789473684,0.05263157894736842,0.1974795548985884,0.08251641481622102,bp
763.1578947368421,0.0030526315789473684,0.05789473684210526,0.23383317790628244,0.08970915824545846,bp
763.1578947368421,0.0030526315789473684,0.06315789473684211,0.27260199993571055,0.09758709290883769,bp
763.1578947368421,0.0030526315789473684,0.06842105263157895,0.31366561233294943,0.14600376465733386,bp
763.1578947368421,0.0030526315789473684,0.07368421052631578,0.3569133386078241,0.2073865419335909,bp
763.1578947368421,0.0030526315789473684,0.07894736842105263,0.4022431371955636,0.2726209711262362,bp
763.1578947368421,0.0030526315789473684,0.08421052631578947,0.44956067140381095,0.3387024048441235,bp
763.1578947368421,0.0030526315789473684,0.08947368421052632,0.4987785109052807,0.40507267861830076,bp
763.1578947368421,0.0030526315789473684,0.09473684210526316,0.5498154400263389,0.47198526558495235,bp
763.1578947368421,0.0030526315789473684,0.1,0.6025958544982664,0.5392584871003386,bp
763.1578947368421,0.005105263157894737,0.05789473684210526,0.03702071670667139,0.0367938483808581,bp
763.1578947368421,0.005105263157894737,0.06315789473684211,0.042288366718826735,0.04083623722898417,bp
763.1578947368421,0.005105263157894737,0.06842105263157895,0.04802277603984126,0.04469909521775257,bp
763.1578947368421,0.005105263157894737,0.07368421052631578,0.05416392842652577,0.0484344984022609,bp
763.1578947368421,0.005105263157894737,0.07894736842105263,0.060681496660246644,0.05206504612075908,bp
763.1578947368421,0.005105263157894737,0.08421052631578947,0.06755470154026283,0.055604034270697954,bp
763.1578947368421,0.005105263157894737,0.08947368421052632,0.07476724805754507,0.05906053471661858,bp
763.1578947368421,0.005105263157894737,0.09473684210526316,0.08230539864099218,0.06244132732284927,bp
763.1578947368421,0.005105263157894737,0.1,0.09015707471581963,0.0657517972709776,bp
1026.3157894736842,0.001,0.005263157894736842,0.31068331517234166,0.06581679188657623,bp
1026.3157894736842,0.0030526315789473684,0.015789473684210527,0.03485559108514953,0.031611060080863944,bp
1026.3157894736842,0.0030526315789473684,0.021052631578947368,0.05820602128453774,0.043657756710541576,bp
1026.3157894736842,0.0030526315789473684,0.02631578947368421,0.08754819426808164,0.055168527955545964,bp
1026.3157894736842,0.0030526315789473684,0.031578947368421054,0.12249926039590957,0.06625311450681975,bp
1026.3157894736842,0.0030526315789473684,0.03684210526315789,0.16275286400765843,0.07696246345247953,bp
1026.3157894736842,0.0030526315789473684,0.042105263157894736,0.2080376743425428,0.08733099459018086,bp
1026.3157894736842,0.0030526315789473684,0.04736842105263158,0.25810722074331466,0.0973857796459626,bp
1026.3157894736842,0.0030526315789473684,0.05263157894736842,0.31273541458243764,0.10714961043015099,bp
1026.3157894736842,0.0030526315789473684,0.05789473684210526,0.3717137728775411,0.1166423351383528,bp
1026.3157894736842,0.0030526315789473684,0.06315789473684211,0.4348493608172529,0.19189560358869895,bp
1026.3157894736842,0.0030526315789473684,0.06842105263157895,0.5019631302908208,0.2923888176295796,bp
1026.3157894736842,0.0030526315789473684,0.07368421052631578,0.5728885207309071,0.3963113280597435,bp
1026.3157894736842,0.0030526315789473684,0.07894736842105263,0.6474702546232309,0.5012008329430129,bp
1026.3157894736842,0.0030526315789473684,0.08421052631578947,0.7255632872428955,0.607786521708508,bp
1026.3157894736842,0.0030526315789473684,0.08947368421052632,0.8070318832649013,0.7136214927543043,bp
1026.3157894736842,0.0030526315789473684,0.09473684210526316,0.8917488000987127,0.820505391587731,bp
1026.3157894736842,0.0030526315789473684,0.1,0.9795945622760016,0.927106565924422,bp
1026.3157894736842,0.005105263157894737,0.04736842105263158,0.039642508542432925,0.0392581027448154,bp
1026.3157894736842,0.005105263157894737,0.05263157894736842,0.04688678289928597,0.0446357489869815,bp
1026.3157894736842,0.005105263157894737,0.05789473684210526,0.05490578672589505,0.04979646232963495,bp
1026.3157894736842,0.005105263157894737,0.06315789473684211,0.06362037999394221,0.05480507008405447,bp
1026.3157894736842,0.005105263157894737,0.06842105263157895,0.07298937849937456,0.059688736937605735,bp
1026.3157894736842,0.005105263157894737,0.07368421052631578,0.08298367235939082,0.06446293777415674,bp
1026.3157894736842,0.005105263157894737,0.07894736842105263,0.09357974570641142,0.06913798426455803,bp
1026.3157894736842,0.005105263157894737,0.08421052631578947,0.10475725624594746,0.07372146528986198,bp
1026.3157894736842,0.005105263157894737,0.08947368421052632,0.11649792930538926,0.07821935722480479,bp
1026.3157894736842,0.005105263157894737,0.09473684210526316,0.12878498045642603,0.0826365962574456,bp
1026.3157894736842,0.005105263157894737,0.1,0.1416027822031109,0.08697740104889902,bp
1289.4736842105262,0.001,0.005263157894736842,0.4079857680291912,0.07606432905624316,bp
1289.4736842105262,0.0030526315789473684,0.015789473684210527,0.04475425682546724,0.03743253957518307,bp
1289.4736842105262,0.0030526315789473684,0.021052631578947368,0.07578336440419832,0.05135161040637649,bp
1289.4736842105262,0.0030526315789473684,0.02631578947368421,0.11484352419810652,0.06477040835285275,bp
1289.4736842105262,0.0030526315789473684,0.031578947368421054,0.16152547558845295,0.07777016933902908,bp
1289.4736842105262,0.0030526315789473684,0.03684210526315789,0.21547826765571337,0.09039260238334065,bp
1289.4736842105262,0.0030526315789473684,0.042105263157894736,0.27638290246342534,0.10266715180643156,bp
1289.4736842105262,0.0030526315789473684,0.04736842105263158,0.3439448635627047,0.11461760113819904,bp
1289.4736842105262,0.0030526315789473684,0.05263157894736842,0.417890501302755,0.1262643722153755,bp
1289.4736842105262,0.0030526315789473684,0.05789473684210526,0.49796464049902683,0.17666079690583508,bp
1289.4736842105262,0.0030526315789473684,0.06315789473684211,0.5839287278422718,0.3061811990671061,bp
1289.4736842105262,0.0030526315789473684,0.06842105263157895,0.6755592886292835,0.44485972184820716,bp
1289.4736842105262,0.0030526315789473684,0.07368421052631578,0.7726465956896682,0.585192521992431,bp
1289.4736842105262,0.0030526315789473684,0.07894736842105263,0.8749935005703795,0.7268384082671211,bp
1289.4736842105262,0.0030526315789473684,0.08421052631578947,0.9824143966067902,0.8691795884322308,bp
1289.4736842105262,0.005105263157894737,0.042105263157894736,0.041638645669262016,0.041052279099988064,bp
1289.4736842105262,0.005105263157894737,0.04736842105263158,0.05047785567961547,0.04742499145579438,bp
1289.4736842105262,0.005105263157894737,0.05263157894736842,0.06037123417676895,0.05356650996388499,bp
1289.4736842105262,0.005105263157894737,0.05789473684210526,0.07123001586910134,0.05954672249016208,bp
1289.4736842105262,0.005105263157894737,0.06315789473684211,0.08300667121494425,0.06539451122687377,bp
1289.4736842105262,0.005105263157894737,0.06842105263157895,0.09566685224538993,0.07112597421365661,bp
1289.4736842105262,0.005105263157894737,0.07368421052631578,0.10918227117317353,0.07675163496408213,bp
1289.4736842105262,0.005105263157894737,0.07894736842105263,0.1235280592690306,0.08227912711961531,bp
1289.4736842105262,0.005105263157894737,0.08421052631578947,0.13868157451785945,0.08771440427343997,bp
1289.4736842105262,0.005105263157894737,0.08947368421052632,0.15462178731920395,0.0930623562703945,bp
1289.4736842105262,0.005105263157894737,0.09473684210526316,0.17132893028444837,0.0983271521320748,bp
1289.4736842105262,0.005105263157894737,0.1,0.1887842811257496,0.1055775354742564,bp
1289.4736842105262,0.007157894736842105,0.09473684210526316,0.05200921803879919,0.05187726071586772,bp
1289.4736842105262,0.007157894736842105,0.1,0.05645865688327592,0.055534760415821484,bp
1552.6315789473683,0.001,0.005263157894736842,0.4916340996137392,0.08397150376891953,bp
1552.6315789473683,0.0030526315789473684,0.010526315789473684,0.026126782449816244,0.025748954702295827,bp
1552.6315789473683,0.0030526315789473684,0.015789473684210527,0.05329168156652904,0.04189905167822847,bp
1552.6315789473683,0.0030526315789473684,0.021052631578947368,0.09095316532748217,0.05730146954096872,bp
1552.6315789473683,0.0030526315789473684,0.02631578947368421,0.13846613977583613,0.0722314398167463,bp
1552.6315789473683,0.0030526315789473684,0.031578947368421054,0.19540366043961385,0.08675569760712439,bp
1552.6315789473683,0.0030526315789473684,0.03684210526315789,0.2613880780920872,0.10090980502026509,bp
1552.6315789473683,0.0030526315789473684,0.042105263157894736,0.3360710425421924,0.1147192886098514,bp
1552.6315789473683,0.0030526315789473684,0.04736842105263158,0.4191274888846022,0.12820501721777558,bp
1552.6315789473683,0.0030526315789473684,0.05263157894736842,0.5102526218544694,0.14138510311925434,bp
1552.6315789473683,0.0030526315789473684,0.05789473684210526,0.6091598668266224,0.2525122393350875,bp
1552.6315789473683,0.0030526315789473684,0.06315789473684211,0.7155792502833191,0.4171242147331077,bp
1552.6315789473683,0.0030526315789473684,0.06842105263157895,0.8292560276092779,0.5875956567411437,bp
1552.6315789473683,0.0030526315789473684,0.07368421052631578,0.9499494818990315,0.7601408703149771,bp
1552.6315789473683,0.005105263157894737,0.03684210526315789,0.039529946418940934,0.03940408108927038,bp
1552.6315789473683,0.005105263157894737,0.042105263157894736,0.049067590455688065,0.04669611029527582,bp
1552.6315789473683,0.005105263157894737,0.04736842105263158,0.05998691042503813,0.05367878825032847,bp
1552.6315789473683,0.005105263157894737,0.05263157894736842,0.07214070018037612,0.06047766589469313,bp
1552.6315789473683,0.005105263157894737,0.05789473684210526,0.08546689219090121,0.06713309216891564,bp
1552.6315789473683,0.005105263157894737,0.06315789473684211,0.09992388229395066,0.07366520383205083,bp
1552.6315789473683,0.005105263157894737,0.06842105263157895,0.11547839372319853,0.08008623023228775,bp
1552.6315789473683,0.005105263157894737,0.07368421052631578,0.13210147814357653,0.08640458217162135,bp
1552.6315789473683,0.005105263157894737,0.07894736842105263,0.14976684340622315,0.09262656942435557,bp
1552.6315789473683,0.005105263157894737,0.08421052631578947,0.1684500415224729,0.0987572319584767,bp
1552.6315789473683,0.005105263157894737,0.08947368421052632,0.1881280283704376,0.10480078384291756,bp
1552.6315789473683,0.005105263157894737,0.09473684210526316,0.20877890253738082,0.11088774253950998,bp
1552.6315789473683,0.005105263157894737,0.1,0.23038173796837394,0.13069006605716257,bp
1552.6315789473683,0.007157894736842105,0.08947368421052632,0.05607405257115127,0.05548842559864539,bp
1552.6315789473683,0.007157894736842105,0.09473684210526316,0.06137366426629425,0.059564726456142546,bp
1552.6315789473683,0.007157894736842105,0.1,0.06700620967161065,0.06353581918966662,bp
1815.7894736842106,0.001,0.005263157894736842,0.563103952697564,0.09023321430249241,bp
1815.7894736842106,0.0030526315789473684,0.010526315789473684,0.029288657333665046,0.02816797190261072,bp
1815.7894736842106,0.0030526315789473684,0.015789473684210527,0.060595378053439446,0.0454269790232738,bp
1815.7894736842106,0.0030526315789473684,0.021052631578947368,0.10394952057017513,0.062023290143042614,bp
1815.7894736842106,0.0030526315789473684,0.02631578947368421,0.15875020245725574,0.07817255563374496,bp
1815.7894736842106,0.0030526315789473684,0.031578947368421054,0.22456271871295588,0.0939323332977605,bp
1815.7894736842106,0.0030526315789473684,0.03684210526315789,0.30099560773254136,0.1093336554183582,bp
1815.7894736842106,0.0030526315789473684,0.042105263157894736,0.3876841767965166,0.12439888966389707,bp
1815.7894736842106,0.0030526315789473684,0.04736842105263158,0.48428543799614426,0.13914640892792152,bp
1815.7894736842106,0.0030526315789473684,0.05263157894736842,0.5904755483101422,0.15776631668487745,bp
1815.7894736842106,0.0030526315789473684,0.05789473684210526,0.705948057276905,0.32586933715698574,bp
1815.7894736842106,0.0030526315789473684,0.06315789473684211,0.8304125094381483,0.5194821022112143,bp
1815.7894736842106,0.0030526315789473684,0.06842105263157895,0.9635932485766171,0.7175532296329608,bp
1815.7894736842106,0.005105263157894737,0.03684210526315789,0.04434131303696659,0.04338699175076331,bp
1815.7894736842106,0.005105263157894737,0.042105263157894736,0.0555102774783087,0.05112961795312067,bp
1815.7894736842106,0.005105263157894737,0.04736842105263158,0.06819247549786107,0.05863542120058486,bp
1815.7894736842106,0.005105263157894737,0.05263157894736842,0.0822903823393934,0.06597859316266223,bp
1815.7894736842106,0.005105263157894737,0.05789473684210526,0.0977506256081555,0.07318908466434122,bp
1815.7894736842106,0.005105263157894737,0.06315789473684211,0.1145339019642728,0.08028300618820353,bp
1815.7894736842106,0.005105263157894737,0.06842105263157895,0.13260724585029274,0.08727053094679751,bp
1815.7894736842106,0.005105263157894737,0.07368421052631578,0.15194119542315218,0.09415882205060452,bp
1815.7894736842106,0.005105263157894737,0.07894736842105263,0.172508536833975,0.10095333674015367,bp
1815.7894736842106,0.005105263157894737,0.08421052631578947,0.19428367141756428,0.10765848154534374,bp
1815.7894736842106,0.005105263157894737,0.08947368421052632,0.2172422634379096,0.11427797117397132,bp
1815.7894736842106,0.005105263157894737,0.09473684210526316,0.24136102693074207,0.12654190034086565,bp
1815.7894736842106,0.005105263157894737,0.1,0.26661758688369014,0.1567453317040174,bp
1815.7894736842106,0.007157894736842105,0.08421052631578947,0.057482934429729,0.056791956477434825,bp
1815.7894736842106,0.007157894736842105,0.08947368421052632,0.06334654251829282,0.06125687111531172,bp
1815.7894736842106,0.007157894736842105,0.09473684210526316,0.06960046462454525,0.0656126478443407,bp
1815.7894736842106,0.007157894736842105,0.1,0.07621290842720023,0.06988772448037524,bp
2078.9473684210525,0.001,0.005263157894736842,0.6243372386452379,0.09530417817859382,bp
2078.9473684210525,0.0030526315789473684,0.010526315789473684,0.03201925068999299,0.0300987970572362,bp
2078.9473684210525,0.0030526315789473684,0.015789473684210527,0.06685687052287187,0.04827993913657638,bp
2078.9473684210525,0.0030526315789473684,0.021052631578947368,0.11510709924240879,0.065854303558051,bp
2078.9473684210525,0.0030526315789473684,0.02631578947368421,0.17619623070021478,0.08300516934428348,bp
2078.9473684210525,0.0030526315789473684,0.031578947368421054,0.24968900258257345,0.0997836584870826,bp
2078.9473684210525,0.0030526315789473684,0.03684210526315789,0.3351887976851826,0.11621731343529966,bp
2078.9473684210525,0.0030526315789473684,0.042105263157894736,0.4323234103276297,0.13232593366424122,bp
2078.9473684210525,0.0030526315789473684,0.04736842105263158,0.5407406558742898,0.14812578835666454,bp
2078.9473684210525,0.0030526315789473684,0.05263157894736842,0.660106166470693,0.1910343366502167,bp
2078.9473684210525,0.0030526315789473684,0.05789473684210526,0.7901018871712439,0.3941163621264327,bp
2078.9473684210525,0.0030526315789473684,0.06315789473684211,0.9304248739865493,0.6127669397805737,bp
2078.9473684210525,0.005105263157894737,0.03684210526315789,0.04853834898861684,0.046563161533166815,bp
2078.9473684210525,0.005105263157894737,0.042105263157894736,0.06107296753181984,0.05471332968116064,bp
2078.9473684210525,0.005105263157894737,0.04736842105263158,0.07526818468565241,0.06265890927655438,bp
2078.9473684210525,0.005105263157894737,0.05263157894736842,0.09104431923385661,0.0704553689317551,bp
2078.9473684210525,0.005105263157894737,0.05789473684210526,0.10835242527545985,0.07812730828377944,bp
2078.9473684210525,0.005105263157894737,0.06315789473684211,0.12715458935808277,0.08568848080137087,bp
2078.9473684210525,0.005105263157894737,0.06842105263157895,0.14741815098095268,0.09314774826306557,bp
2078.9473684210525,0.005105263157894737,0.07368421052631578,0.16911345751765924,0.10051142233878539,bp
2078.9473684210525,0.005105263157894737,0.07894736842105263,0.19221283583103702,0.10778434493827573,bp
2078.9473684210525,0.005105263157894737,0.08421052631578947,0.21669006284141007,0.1149704433944075,bp
2078.9473684210525,0.005105263157894737,0.08947368421052632,0.24252006650649502,0.12207303937311156,bp
2078.9473684210525,0.005105263157894737,0.09473684210526316,0.2696787430226632,0.14391168946365246,bp
2078.9473684210525,0.005105263157894737,0.1,0.29814283690256493,0.18136022835022259,bp
2078.9473684210525,0.007157894736842105,0.07894736842105263,0.05685465565110893,0.05639552506240048,bp
2078.9473684210525,0.007157894736842105,0.08421052631578947,0.06304508304501985,0.06121866387775231,bp
2078.9473684210525,0.007157894736842105,0.08947368421052632,0.06969179128806482,0.06591542934675766,bp
2078.9473684210525,0.007157894736842105,0.09473684210526316,0.07675278561754806,0.07052424933838126,bp
2078.9473684210525,0.007157894736842105,0.1,0.08420667664055614,0.07506292416234497,bp
2342.1052631578946,0.001,0.005263157894736842,0.6771212866692239,0.09948955666393902,bp
2342.1052631578946,0.0030526315789473684,0.010526315789473684,0.0343806633474948,0.03167947867642148,bp
2342.1052631578946,0.0030526315789473684,0.015789473684210527,0.07225627577240124,0.05063256418355511,bp
2342.1052631578946,0.0030526315789473684,0.021052631578947368,0.12474049095256859,0.06902126274359043,bp
2342.1052631578946,0.0030526315789473684,0.02631578947368421,0.19128148162766553,0.08700818047940227,bp
2342.1052631578946,0.0030526315789473684,0.031578947368421054,0.2714481934515432,0.10463965430047106,bp
2342.1052631578946,0.0030526315789473684,0.03684210526315789,0.3648445266685672,0.12194046652698207,bp
2342.1052631578946,0.0030526315789473684,0.042105263157894736,0.47109665135736584,0.13892831289699034,bp
2342.1052631578946,0.0030526315789473684,0.04736842105263158,0.5898491176956574,0.15561769772795195,bp
2342.1052631578946,0.0030526315789473684,0.05263157894736842,0.7207629325685612,0.2288451963210151,bp
2342.1052631578946,0.0030526315789473684,0.05789473684210526,0.8635142605146127,0.4550579347355863,bp
2342.1052631578946,0.005105263157894737,0.031578947368421054,0.04045938814029293,0.04032714721567284,bp
2342.1052631578946,0.005105263157894737,0.03684210526315789,0.05218690040873687,0.04916898478847172,bp
2342.1052631578946,0.005105263157894737,0.042105263157894736,0.06589217451607529,0.057670942700394634,bp
2342.1052631578946,0.005105263157894737,0.04736842105263158,0.08139626646557524,0.06598819718863767,bp
2342.1052631578946,0.005105263157894737,0.05263157894736842,0.09862896328695613,0.07416640140136674,bp
2342.1052631578946,0.005105263157894737,0.05789473684210526,0.11754419919904682,0.08222687524925698,bp
2342.1052631578946,0.005105263157894737,0.06315789473684211,0.13810517612262385,0.09018180723526699,bp
2342.1052631578946,0.005105263157894737,0.06842105263157895,0.16027965935501762,0.0980391366419902,bp
2342.1052631578946,0.005105263157894737,0.07368421052631578,0.1840380828831522,0.10580454782174002,bp
2342.1052631578946,0.005105263157894737,0.07894736842105263,0.20935266299516292,0.11348241173636023,bp
2342.1052631578946,0.005105263157894737,0.08421052631578947,0.23619693589169558,0.12107627725391558,bp
2342.1052631578946,0.005105263157894737,0.08947368421052632,0.2645454943658398,0.1294128544504042,bp
2342.1052631578946,0.005105263157894737,0.09473684210526316,0.29437382604845175,0.16082957522413324,bp
2342.1052631578946,0.005105263157894737,0.1,0.32565820703467946,0.20403791390110498,bp
2342.1052631578946,0.007157894736842105,0.07368421052631578,0.05477123911834354,0.05467317754895352,bp
2342.1052631578946,0.007157894736842105,0.07894736842105263,0.061067950825106264,0.05985206086165435,bp
2342.1052631578946,0.007157894736842105,0.08421052631578947,0.06790890992450813,0.0648606756711607,bp
2342.1052631578946,0.007157894736842105,0.08947368421052632,0.07522267219895623,0.06976682111732754,bp
2342.1052631578946,0.007157894736842105,0.09473684210526316,0.08298022691594657,0.07459580817796789,bp
2342.1052631578946,0.007157894736842105,0.1,0.09116444030306745,0.07936104506651144,bp
2605.2631578947367,0.001,0.005263157894736842,0.7229506070923862,0.1030001126006367,bp
2605.2631578947367,0.0030526315789473684,0.010526315789473684,0.03643404804756467,0.03299817295797269,bp
2605.2631578947367,0.0030526315789473684,0.015789473684210527,0.0769452911447931,0.05260468295114726,bp
2605.2631578947367,0.0030526315789473684,0.021052631578947368,0.13311543147417917,0.07168115967662587,bp
2605.2631578947367,0.0030526315789473684,0.02631578947368421,0.20441226099650306,0.09037578140592539,bp
2605.2631578947367,0.0030526315789473684,0.031578947368421054,0.2904119482892079,0.10873118873391015,bp
2605.2631578947367,0.0030526315789473684,0.03684210526315789,0.3907225708098807,0.12676993927184324,bp
2605.2631578947367,0.0030526315789473684,0.042105263157894736,0.5049725607804926,0.14450799138666537,bp
2605.2631578947367,0.0030526315789473684,0.04736842105263158,0.6328071993019878,0.16195836679663378,bp
2605.2631578947367,0.0030526315789473684,0.05263157894736842,0.7738869168651507,0.26297051406444566,bp
2605.2631578947367,0.0030526315789473684,0.05789473684210526,0.9278861621908026,0.5113456966997795,bp
2605.2631578947367,0.005105263157894737,0.031578947368421054,0.042717586708127676,0.04225371557012724,bp
2605.2631578947367,0.005105263157894737,0.03684210526315789,0.05537106670150285,0.051348176885400366,bp
2605.2631578947367,0.005105263157894737,0.042105263157894736,0.07009156311729296,0.060153062874908084,bp
2605.2631578947367,0.005105263157894737,0.04736842105263158,0.0867363262462829,0.06878741563468582,bp
2605.2631578947367,0.005105263157894737,0.05263157894736842,0.10524120327644135,0.07729083389279393,bp
2605.2631578947367,0.005105263157894737,0.05789473684210526,0.1255623050785414,0.08568241349755452,bp
2605.2631578947367,0.005105263157894737,0.06315789473684211,0.1476638563371646,0.09397322154252453,bp
2605.2631578947367,0.005105263157894737,0.06842105263157895,0.1715141637490619,0.10217050856631973,bp
2605.2631578947367,0.005105263157894737,0.07368421052631578,0.19708395192870815,0.11027947480401823,bp
2605.2631578947367,0.005105263157894737,0.07894736842105263,0.2243455736813633,0.11830411788944101,bp
2605.2631578947367,0.005105263157894737,0.08421052631578947,0.2532725944987271,0.12624768002347594,bp
2605.2631578947367,0.005105263157894737,0.08947368421052632,0.28383955482562984,0.13838947543268407,bp
2605.2631578947367,0.005105263157894737,0.09473684210526316,0.31602182375859555,0.1769262017902316,bp
2605.2631578947367,0.005105263157894737,0.1,0.3497955028720856,0.22443423521287836,bp
2605.2631578947367,0.007157894736842105,0.07368421052631578,0.057921464473797785,0.05742359621373894,bp
2605.2631578947367,0.007157894736842105,0.07894736842105263,0.06477488624850458,0.06273608919426613,bp
2605.2631578947367,0.007157894736842105,0.08421052631578947,0.07217099520531829,0.06791596819043472,bp
2605.2631578947367,0.007157894736842105,0.08947368421052632,0.08006314259471431,0.0730061782538712,bp
2605.2631578947367,0.007157894736842105,0.09473684210526316,0.08842812549071183,0.07802615942115383,bp
2605.2631578947367,0.007157894736842105,0.1,0.09725112645059476,0.0829869361029651,bp
2868.4210526315787,0.001,0.005263157894736842,0.763034437316601,0.10598543844390877,bp
2868.4210526315787,0.0030526315789473684,0.010526315789473684,0.03823134655890811,0.0341152269593471,bp
2868.4210526315787,0.0030526315789473684,0.015789473684210527,0.08104705468613094,0.054281027098437434,bp
2868.4210526315787,0.0030526315789473684,0.021052631578947368,0.14044827514908093,0.0739456862502557,bp
2868.4210526315787,0.0030526315789473684,0.02631578947368421,0.21592108863233783,0.09324671903613087,bp
2868.4210526315787,0.0030526315789473684,0.031578947368421054,0.30705071353161145,0.11222383125961825,bp
2868.4210526315787,0.0030526315789473684,0.03684210526315789,0.4134517210443554,0.13089775991642202,bp
2868.4210526315787,0.0030526315789473684,0.042105263157894736,0.5347573393554023,0.14928301631543353,bp
2868.4210526315787,0.0030526315789473684,0.04736842105263158,0.6706162487629072,0.16739137155595157,bp
2868.4210526315787,0.0030526315789473684,0.05263157894736842,0.8206910623108937,0.2969516092513922,bp
2868.4210526315787,0.0030526315789473684,0.05789473684210526,0.9846573322756531,0.5609341574110158,bp
2868.4210526315787,0.005105263157894737,0.031578947368421054,0.04471714894915561,0.04387214719550601,bp
2868.4210526315787,0.005105263157894737,0.03684210526315789,0.0581659133856075,0.053198324487704514,bp
2868.4210526315787,0.005105263157894737,0.042105263157894736,0.07377469100591426,0.062265473305070984,bp
2868.4210526315787,0.005105263157894737,0.04736842105263158,0.0914206275003307,0.07117303031387032,bp
2868.4210526315787,0.005105263157894737,0.05263157894736842,0.1110439184938212,0.07995648409352334,bp
2868.4210526315787,0.005105263157894737,0.05789473684210526,0.13260247287856808,0.08863331991311232,bp
2868.4210526315787,0.005105263157894737,0.06315789473684211,0.15606149877799994,0.09721375962572033,bp
2868.4210526315787,0.005105263157894737,0.06842105263157895,0.18138992893172057,0.1057045185462414,bp
2868.4210526315787,0.005105263157894737,0.07368421052631578,0.2085589191125016,0.11411041153878854,bp
2868.4210526315787,0.005105263157894737,0.07894736842105263,0.23754112822470744,0.12243513316737217,bp
2868.4210526315787,0.005105263157894737,0.08421052631578947,0.2683103373478829,0.13068167268093156,bp
2868.4210526315787,0.005105263157894737,0.08947368421052632,0.30084123120391243,0.1477737414753147,bp
2868.4210526315787,0.005105263157894737,0.09473684210526316,0.33510926366188226,0.19133228684138237,bp
2868.4210526315787,0.005105263157894737,0.1,0.3710905694980989,0.2430113143880011,bp
2868.4210526315787,0.007157894736842105,0.06842105263157895,0.05406824292776811,0.054067654949418224,bp
2868.4210526315787,0.007157894736842105,0.07368421052631578,0.06072188757265049,0.05973777287703536,bp
2868.4210526315787,0.007157894736842105,0.07894736842105263,0.06804481699831326,0.06518450914257745,bp
2868.4210526315787,0.007157894736842105,0.08421052631578947,0.07592383043582121,0.07051745565003646,bp
2868.4210526315787,0.007157894736842105,0.08947368421052632,0.0843227556758251,0.07576907104741742,bp
2868.4210526315787,0.007157894736842105,0.09473684210526316,0.09322168941308133,0.08095548119626911,bp
2868.4210526315787,0.007157894736842105,0.1,0.10260728817939563,0.08608621743699368,bp
3131.5789473684213,0.001,0.005263157894736842,0.7983415097229145,0.1085543617738361,bp
3131.5789473684213,0.0030526315789473684,0.010526315789473684,0.03981503122608751,0.03507363778042214,bp
3131.5789473684213,0.0030526315789473684,0.015789473684210527,0.08466038216909666,0.05572309137197716,bp
3131.5789473684213,0.0030526315789473684,0.021052631578947368,0.1469130950422147,0.0758962717484778,bp
3131.5789473684213,0.0030526315789473684,0.02631578947368421,0.22607651272988102,0.09572248673682841,bp
3131.5789473684213,0.0030526315789473684,0.031578947368421054,0.32174593872366836,0.11523906231102782,bp
3131.5789473684213,0.0030526315789473684,0.03684210526315789,0.43354385881121776,0.13446522619070747,bp
3131.5789473684213,0.0030526315789473684,0.042105263157894736,0.5611099164605939,0.15341427422018725,bp
3131.5789473684213,0.0030526315789473684,0.04736842105263158,0.7040979483357446,0.172096916538587,bp
3131.5789473684213,0.0030526315789473684,0.05263157894736842,0.8621746111693718,0.3262664121452441,bp
3131.5789473684213,0.005105263157894737,0.031578947368421054,0.046490779060187226,0.04525539535019466,bp
3131.5789473684213,0.005105263157894737,0.03684210526315789,0.060634141671529765,0.05478893142677207,bp
3131.5789473684213,0.005105263157894737,0.042105263157894736,0.07702610549283363,0.06408477629275887,bp
3131.5789473684213,0.005105263157894737,0.04736842105263158,0.09555671447124697,0.07322990574813643,bp
3131.5789473684213,0.005105263157894737,0.05263157894736842,0.11616952732264714,0.08225683498766713,bp
3131.5789473684213,0.005105263157894737,0.05789473684210526,0.13882401660545818,0.09118182815540753,bp
3131.5789473684213,0.005105263157894737,0.06315789473684211,0.16348634753727131,0.10001444655366205,bp
3131.5789473684213,0.005105263157894737,0.06842105263157895,0.19012613294391828,0.10876097757948762,bp
3131.5789473684213,0.005105263157894737,0.07368421052631578,0.21871505200956715,0.11742592228635246,bp
3131.5789473684213,0.005105263157894737,0.07894736842105263,0.24922618304975006,0.12601272481914583,bp
3131.5789473684213,0.005105263157894737,0.08421052631578947,0.2816336490071243,0.1345241629244348,bp
3131.5789473684213,0.005105263157894737,0.08947368421052632,0.31591241382305996,0.15686583434112808,bp
3131.5789473684213,0.005105263157894737,0.09473684210526316,0.35203815722578374,0.20503366051026736,bp
3131.5789473684213,0.005105263157894737,0.1,0.3899871928128708,0.25981138246131247,bp
3131.5789473684213,0.007157894736842105,0.06842105263157895,0.0561286516449171,0.055976671923647955,bp
3131.5789473684213,0.007157894736842105,0.07368421052631578,0.06321218824147155,0.061719962848874335,bp
3131.5789473684213,0.007157894736842105,0.07894736842105263,0.07094288047589624,0.06729084558395644,bp
3131.5789473684213,0.007157894736842105,0.08421052631578947,0.07924667912193448,0.0727597889700513,bp
3131.5789473684213,0.007157894736842105,0.08947368421052632,0.08809324913789537,0.07815343825738498,bp
3131.5789473684213,0.007157894736842105,0.09473684210526316,0.09746482892403517,0.08348579678060146,bp
3131.5789473684213,0.007157894736842105,0.1,0.10734911179226722,0.08876537381085976,bp
3394.7368421052633,0.001,0.005263157894736842,0.8296477847266494,0.1107878093544341,bp
3394.7368421052633,0.0030526315789473684,0.010526315789473684,0.04121947268126507,0.03590494908386312,bp
3394.7368421052633,0.0030526315789473684,0.015789473684210527,0.08786450548454965,0.05697653065088094,bp
3394.7368421052633,0.0030526315789473684,0.021052631578947368,0.15264977421547013,0.07759358416923265,bp
3394.7368421052633,0.0030526315789473684,0.02631578947368421,0.23509496453787995,0.09787890762870334,bp
3394.7368421052633,0.0030526315789473684,0.031578947368421054,0.3348059768532125,0.11786786414870727,bp
3394.7368421052633,0.0030526315789473684,0.03684210526315789,0.4514140337150059,0.1375784161275721,bp
3394.7368421052633,0.0030526315789473684,0.042105263157894736,0.5845661925885566,0.15702283012460486,bp
3394.7368421052633,0.0030526315789473684,0.04736842105263158,0.7339225763165185,0.17621091087403198,bp
3394.7368421052633,0.0030526315789473684,0.05263157894736842,0.899155119801141,0.3546453320290785,bp
3394.7368421052633,0.005105263157894737,0.031578947368421054,0.04807071464375867,0.04645272949100224,bp
3394.7368421052633,0.005105263157894737,0.03684210526315789,0.06282712036094179,0.056171078995490606,bp
3394.7368421052633,0.005105263157894737,0.042105263157894736,0.0799143502999658,0.06566782341270427,bp
3394.7368421052633,0.005105263157894737,0.04736842105263158,0.0992316238274982,0.07502129256175492,bp
3394.7368421052633,0.005105263157894737,0.05263157894736842,0.12072523650239728,0.08426175091324019,bp
3394.7368421052633,0.005105263157894737,0.05789473684210526,0.1443560617506255,0.0934045048038361,bp
3394.7368421052633,0.005105263157894737,0.06315789473684211,0.17009119599348316,0.10245858522232877,bp
3394.7368421052633,0.005105263157894737,0.06842105263157895,0.19790096172150856,0.11142992987900513,bp
3394.7368421052633,0.005105263157894737,0.07368421052631578,0.22775761872911532,0.12032277980199747,bp
3394.7368421052633,0.005105263157894737,0.07894736842105263,0.2596347379544843,0.1291403693058201,bp
3394.7368421052633,0.005105263157894737,0.08421052631578947,0.29350686783883384,0.13788529729798474,bp
3394.7368421052633,0.005105263157894737,0.08947368421052632,0.32934934256654724,0.1653147360262752,bp
3394.7368421052633,0.005105263157894737,0.09473684210526316,0.36713816432220386,0.21744068624008525,bp
3394.7368421052633,0.005105263157894737,0.1,0.4068499265044462,0.27490033527645363,bp
3394.7368421052633,0.007157894736842105,0.06842105263157895,0.05799371670625776,0.057607812776931555,bp
3394.7368421052633,0.007157894736842105,0.07368421052631578,0.06543494389033211,0.0634392814138913,bp
3394.7368421052633,0.007157894736842105,0.07894736842105263,0.07352480837650428,0.06912278749366248,bp
3394.7368421052633,0.007157894736842105,0.08421052631578947,0.08220540165630974,0.07471271039063715,bp
3394.7368421052633,0.007157894736842105,0.08947368421052632,0.09145012344318214,0.08023200740481463,bp
3394.7368421052633,0.007157894736842105,0.09473684210526316,0.10124272763915834,0.0856932088225625,bp
3394.7368421052633,0.007157894736842105,0.1,0.11157168902811528,0.09110408064612013,bp
3657.8947368421054,0.001,0.005263157894736842,0.8575775337553154,0.11274714055419213,bp
3657.8947368421054,0.0030526315789473684,0.010526315789473684,0.04247247934696312,0.0366328509754287,bp
3657.8947368421054,0.0030526315789473684,0.015789473684210527,0.0907232088796514,0.05807592087922855,bp
3657.8947368421054,0.0030526315789473684,0.021052631578947368,0.15777113448116417,0.07908369996825752,bp
3657.8947368421054,0.0030526315789473684,0.02631578947368421,0.24315141301565613,0.09977369937800135,bp
3657.8947368421054,0.0030526315789473684,0.031578947368421054,0.3464807094671132,0.12017964029428804,bp
3657.8947368421054,0.0030526315789473684,0.03684210526315789,0.4673994043921906,0.1403184136864324,bp
3657.8947368421054,0.0030526315789473684,0.042105263157894736,0.6055625452721022,0.1602014077305322,bp
3657.8947368421054,0.0030526315789473684,0.04736842105263158,0.7606372372040049,0.1798376496350173,bp
3657.8947368421054,0.0030526315789473684,0.05263157894736842,0.9323014885982479,0.37986430191385673,bp
3657.8947368421054,0.005105263157894737,0.031578947368421054,0.049484921258864244,0.04749988676514907,bp
3657.8947368421054,0.005105263157894737,0.03684210526315789,0.06478675612728847,0.05738322384066429,bp
3657.8947368421054,0.005105263157894737,0.042105263157894736,0.08249503503904601,0.06705769212179818,bp
3657.8947368421054,0.005105263157894737,0.04736842105263158,0.10251591743209032,0.07659526540556648,bp
3657.8947368421054,0.005105263157894737,0.05263157894736842,0.12479800641139374,0.08602444563595832,bp
3657.8947368421054,0.005105263157894737,0.05789473684210526,0.14930345259031091,0.09535976801603153,bp
3657.8947368421054,0.005105263157894737,0.06315789473684211,0.17600025498178237,0.10460982868798233,bp
3657.8947368421054,0.005105263157894737,0.06842105263157895,0.20485945721686227,0.11378027465713886,bp
3657.8947368421054,0.005105263157894737,0.07368421052631578,0.23585393196790397,0.12287512843112566,bp
3657.8947368421054,0.005105263157894737,0.07894736842105263,0.2689577876503954,0.1318974464539698,bp
3657.8947368421054,0.005105263157894737,0.08421052631578947,0.30414605162188296,0.1408496749599522,bp
3657.8947368421054,0.005105263157894737,0.08947368421052632,0.3413944880765699,0.17350954359053095,bp
3657.8947368421054,0.005105263157894737,0.09473684210526316,0.3806794864164656,0.22853684310529152,bp
3657.8947368421054,0.005105263157894737,0.1,0.42197798869571246,0.28901332954579373,bp
3657.8947368421054,0.007157894736842105,0.06842105263157895,0.05967510410801459,0.05902812619789913,bp
3657.8947368421054,0.007157894736842105,0.07368421052631578,0.06742784265200691,0.0649457624436091,bp
3657.8947368421054,0.007157894736842105,0.07894736842105263,0.07583709568674574,0.07073096361584545,bp
3657.8947368421054,0.007157894736842105,0.08421052631578947,0.08485423285381723,0.0764288974375182,bp
3657.8947368421054,0.007157894736842105,0.08947368421052632,0.09445525950329674,0.08205997794556708,bp
3657.8947368421054,0.007157894736842105,0.09473684210526316,0.10462506878704299,0.08763565450240844,bp
3657.8947368421054,0.007157894736842105,0.1,0.11535275454034805,0.093163128413725,bp
3921.0526315789475,0.001,0.005263157894736842,0.882636235225652,0.1144796871482297,bp
3921.0526315789475,0.0030526315789473684,0.010526315789473684,0.04359664301883,0.037275488865766065,bp
3921.0526315789475,0.0030526315789473684,0.015789473684210527,0.09328816155319651,0.05904791048971068,bp
3921.0526315789475,0.0030526315789473684,0.021052631578947368,0.16236871521357682,0.08040221472897503,bp
3921.0526315789475,0.0030526315789473684,0.02631578947368421,0.2503880944172453,0.10145153696295531,bp
3921.0526315789475,0.0030526315789473684,0.031578947368421054,0.3569736720871676,0.12222820831340911,bp
3921.0526315789475,0.0030526315789473684,0.03684210526315789,0.4817751396414908,0.1427482043569297,bp
3921.0526315789475,0.0030526315789473684,0.042105263157894736,0.6244558221294542,0.16302215821728985,bp
3921.0526315789475,0.0030526315789473684,0.04736842105263158,0.7846902021666858,0.1830584252803521,bp
3921.0526315789475,0.0030526315789473684,0.05263157894736842,0.9621628481664537,0.40411663079949145,bp
3921.0526315789475,0.005105263157894737,0.031578947368421054,0.050756929667845924,0.0484237454594287,bp
3921.0526315789475,0.005105263157894737,0.03684210526315789,0.06654730221659567,0.05845489654248963,bp
3921.0526315789475,0.005105263157894737,0.042105263157894736,0.08481346907587303,0.06828761294552434,bp
3921.0526315789475,0.005105263157894737,0.04736842105263158,0.10546707333110975,0.07798899805897566,bp
3921.0526315789475,0.005105263157894737,0.05263157894736842,0.12845871344587062,0.08758613669107139,bp
3921.0526315789475,0.005105263157894737,0.05789473684210526,0.1537517170121804,0.0970929301808616,bp
3921.0526315789475,0.005105263157894737,0.06315789473684211,0.18131495420918925,0.10651761200380196,bp
3921.0526315789475,0.005105263157894737,0.06842105263157895,0.2111201884259976,0.11586558406113495,bp
3921.0526315789475,0.005105263157894737,0.07368421052631578,0.24314091996266984,0.1251406830464654,bp
3921.0526315789475,0.005105263157894737,0.07894736842105263,0.27735181958893057,0.13434581313019386,bp
3921.0526315789475,0.005105263157894737,0.08421052631578947,0.3137284255973536,0.1434832891097194,bp
3921.0526315789475,0.005105263157894737,0.08947368421052632,0.35224696968449976,0.1808304620359651,bp
3921.0526315789475,0.005105263157894737,0.09473684210526316,0.39288427040377166,0.23901524076880354,bp
3921.0526315789475,0.005105263157894737,0.1,0.4356176641430879,0.3015918161333333,bp
3921.0526315789475,0.007157894736842105,0.06842105263157895,0.06119427173096617,0.060278593862727894,bp
3921.0526315789475,0.007157894736842105,0.07368421052631578,0.06922290682447574,0.06627708610264176,bp
3921.0526315789475,0.007157894736842105,0.07894736842105263,0.07791827148265816,0.07215414332091931,bp
3921.0526315789475,0.007157894736842105,0.08421052631578947,0.08723780922447902,0.07794893580459718,bp
3921.0526315789475,0.007157894736842105,0.08947368421052632,0.09715945538467644,0.08368002026054926,bp
3921.0526315789475,0.007157894736842105,0.09473684210526316,0.10766899839336319,0.08935801969811681,bp
3921.0526315789475,0.007157894736842105,0.1,0.11875604080369563,0.09498969196531477,bp
4184.210526315789,0.001,0.005263157894736842,0.9052361793481949,0.11602252434247348,bp
4184.210526315789,0.0030526315789473684,0.010526315789473684,0.044610428204743764,0.03784699852529114,bp
4184.210526315789,0.0030526315789473684,0.015789473684210527,0.09560152014100562,0.05991335945279722,bp
4184.210526315789,0.0030526315789473684,0.021052631578947368,0.16651730638743859,0.08157704736005696,bp
4184.210526315789,0.0030526315789473684,0.02631578947368421,0.25692140724697954,0.10294751890044887,bp
4184.210526315789,0.0030526315789473684,0.031578947368421054,0.36645170293229745,0.12405591609172865,bp
4184.210526315789,0.0030526315789473684,0.03684210526315789,0.49476716976005936,0.1449174261152384,bp
4184.210526315789,0.0030526315789473684,0.042105263157894736,0.641539501206476,0.16554202862234682,bp
4184.210526315789,0.0030526315789473684,0.04736842105263158,0.8064507438277598,0.18593749514708183,bp
4184.210526315789,0.0030526315789473684,0.05263157894736842,0.989192294829588,0.4274882273895307,bp
4184.210526315789,0.005105263157894737,0.031578947368421054,0.051906378351667885,0.04924502159833664,bp
4184.210526315789,0.005105263157894737,0.03684210526315789,0.06813688713760478,0.05940915860639963,bp
4184.210526315789,0.005105263157894737,0.042105263157894736,0.08690678818523834,0.06938362588146427,bp
4184.210526315789,0.005105263157894737,0.04736842105263158,0.10813220066372019,0.0792316758813309,bp
4184.210526315789,0.005105263157894737,0.05263157894736842,0.13176548057739074,0.08897922965064257,bp
4184.210526315789,0.005105263157894737,0.05789473684210526,0.15777104764850572,0.09863965863769032,bp
4184.210526315789,0.005105263157894737,0.06315789473684211,0.18611860981507927,0.10822088954598799,bp
4184.210526315789,0.005105263157894737,0.06842105263157895,0.21678063996901692,0.11772811516663452,bp
4184.210526315789,0.005105263157894737,0.07368421052631578,0.24973126859852263,0.12716501260893723,bp
4184.210526315789,0.005105263157894737,0.07894736842105263,0.2849457396806993,0.13653435452996693,bp
4184.210526315789,0.005105263157894737,0.08421052631578947,0.32240011931508655,0.1459457933521071,bp
4184.210526315789,0.005105263157894737,0.08947368421052632,0.36207112830645294,0.18784211794756467,bp
4184.210526315789,0.005105263157894737,0.09473684210526316,0.4039360398970592,0.24823874709228533,bp
4184.210526315789,0.005105263157894737,0.1,0.4479726137260747,0.31269748667664626,bp
4184.210526315789,0.007157894736842105,0.06315789473684211,0.05509299559602699,0.05508639172179873,bp
4184.210526315789,0.007157894736842105,0.06842105263157895,0.06257150374321858,0.06138902213549866,bp
4184.210526315789,0.007157894736842105,0.07368421052631578,0.07084702825877395,0.06746235736983876,bp
4184.210526315789,0.007157894736842105,0.07894736842105263,0.07980027374892713,0.07342257286994455,bp
4184.210526315789,0.007157894736842105,0.08421052631578947,0.08939298404877465,0.07930462123166528,bp
4184.210526315789,0.007157894736842105,0.08947368421052632,0.09960458813161498,0.08512564469247388,bp
4184.210526315789,0.007157894736842105,0.09473684210526316,0.11042160204691671,0.09089561439892066,bp
4184.210526315789,0.007157894736842105,0.1,0.12183405811819457,0.09662093082099464,bp
4447.368421052632,0.001,0.005263157894736842,0.9257161963764274,0.11740509283893062,bp
4447.368421052632,0.0030526315789473684,0.010526315789473684,0.04552902898388593,0.038358556343230724,bp
4447.368421052632,0.0030526315789473684,0.015789473684210527,0.09769793784042778,0.060688824211234504,bp
4447.368421052632,0.0030526315789473684,0.021052631578947368,0.17027846032387728,0.08263039454428088,bp
4447.368421052632,0.0030526315789473684,0.02631578947368421,0.2628472801150861,0.10428959042128734,bp
4447.368421052632,0.0030526315789473684,0.031578947368421054,0.37505249407005503,0.125696527389676,bp
4447.368421052632,0.0030526315789473684,0.03684210526315789,0.5065622195886865,0.14686570846031582,bp
4447.368421052632,0.0030526315789473684,0.042105263157894736,0.6570564759789813,0.16780654437349343,bp
4447.368421052632,0.0030526315789473684,0.04736842105263158,0.8262249154289143,0.1885262963000127,bp
4447.368421052632,0.005105263157894737,0.031578947368421054,0.05294965243018617,0.04997998413257925,bp
4447.368421052632,0.005105263157894737,0.03684210526315789,0.06957874616914049,0.06026428535260468,bp
4447.368421052632,0.005105263157894737,0.042105263157894736,0.08880563046222191,0.0703664217747531,bp
4447.368421052632,0.005105263157894737,0.04736842105263158,0.11055017056809384,0.08034652511267137,bp
4447.368421052632,0.005105263157894737,0.05263157894736842,0.13476629210341529,0.09022954404533487,bp
4447.368421052632,0.005105263157894737,0.05789473684210526,0.16141943296065944,0.10002840075292552,bp
4447.368421052632,0.005105263157894737,0.06315789473684211,0.19048010438673327,0.10975075935076646,bp
4447.368421052632,0.005105263157894737,0.06842105263157895,0.22192147258034198,0.1194016324324283,bp
4447.368421052632,0.005105263157894737,0.07368421052631578,0.25571829239375254,0.12898455881728857,bp
4447.368421052632,0.005105263157894737,0.07894736842105263,0.2918463820712352,0.13850219677132694,bp
4447.368421052632,0.005105263157894737,0.08421052631578947,0.3302823416937619,0.148778283672574,bp
4447.368421052632,0.005105263157894737,0.08947368421052632,0.37100339144528904,0.1945692160756034,bp
4447.368421052632,0.005105263157894737,0.09473684210526316,0.41398727303423255,0.25694369094265457,bp
4447.368421052632,0.005105263157894737,0.1,0.4592121861027714,0.32309070603782475,bp
4447.368421052632,0.007157894736842105,0.06315789473684211,0.05611171909589703,0.05603995127487831,bp
4447.368421052632,0.007157894736842105,0.06842105263157895,0.06382461356654787,0.06238220445502712,bp
4447.368421052632,0.007157894736842105,0.07368421052631578,0.07232274567418673,0.06852448782662836,bp
4447.368421052632,0.007157894736842105,0.07894736842105263,0.08150966682122839,0.0745602193516776,bp
4447.368421052632,0.007157894736842105,0.08421052631578947,0.09135033346243723,0.08052122514652099,bp
4447.368421052632,0.007157894736842105,0.08947368421052632,0.10182536983360603,0.08642353518075788,bp
4447.368421052632,0.007157894736842105,0.09473684210526316,0.11292189898143754,0.09227659348482466,bp
4447.368421052632,0.007157894736842105,0.1,0.12463032409047158,0.09808650647619457,bp
4710.526315789473,0.001,0.005263157894736842,0.9443568343732991,0.11865106160620702,bp
4710.526315789473,0.0030526315789473684,0.010526315789473684,0.04636503616457567,0.03881911534135866,bp
4710.526315789473,0.0030526315789473684,0.015789473684210527,0.09960611205612394,0.06138760943274569,bp
4710.526315789473,0.0030526315789473684,0.021052631578947368,0.1737032044602148,0.0835801197291612,bp
4710.526315789473,0.0030526315789473684,0.02631578947368421,0.268245333878,0.10550026998207927,bp
4710.526315789473,0.0030526315789473684,0.031578947368421054,0.38289046960488465,0.12717728238355436,bp
4710.526315789473,0.0030526315789473684,0.03684210526315789,0.5173156501670673,0.14862506255174357,bp
4710.526315789473,0.0030526315789473684,0.042105263157894736,0.6712090885846991,0.1698525227050082,bp
4710.526315789473,0.0030526315789473684,0.04736842105263158,0.8442679846465773,0.19086647565086065,bp
4710.526315789473,0.005105263157894737,0.02631578947368421,0.039827300914789934,0.03982260989746631,bp
4710.526315789473,0.005105263157894737,0.031578947368421054,0.05390046346286187,0.05064160757269279,bp
4710.526315789473,0.005105263157894737,0.03684210526315789,0.07089219503777938,0.061034947549384176,bp
4710.526315789473,0.005105263157894737,0.042105263157894736,0.09053544543934204,0.07125264618441823,bp
4710.526315789473,0.005105263157894737,0.04736842105263158,0.11275327734624573,0.08135225543020577,bp
4710.526315789473,0.005105263157894737,0.05263157894736842,0.13750103311215833,0.09135789969853082,bp
4710.526315789473,0.005105263157894737,0.05789473684210526,0.16474510309306914,0.10128211567099397,bp
4710.526315789473,0.005105263157894737,0.06315789473684211,0.1944567671601235,0.11113234045567105,bp
4710.526315789473,0.005105263157894737,0.06842105263157895,0.2266098647988943,0.12091342992991334,bp
4710.526315789473,0.005105263157894737,0.07368421052631578,0.26117976372705065,0.1306288021915378,bp
4710.526315789473,0.005105263157894737,0.07894736842105263,0.2981428507362495,0.140281015272023,bp
4710.526315789473,0.005105263157894737,0.08421052631578947,0.3374762585444519,0.15163531285754558,bp
4710.526315789473,0.005105263157894737,0.08947368421052632,0.37915770896025996,0.20104297554490047,bp
4710.526315789473,0.005105263157894737,0.09473684210526316,0.4231654173884854,0.2644506026854279,bp
4710.526315789473,0.005105263157894737,0.1,0.46947803152008194,0.3328557664825807,bp
4710.526315789473,0.007157894736842105,0.06315789473684211,0.05705142733450309,0.05688909954305046,bp
4710.526315789473,0.007157894736842105,0.06842105263157895,0.06496892359013476,0.06327605774035434,bp
4710.526315789473,0.007157894736842105,0.07368421052631578,0.07366898743489997,0.06948179234831259,bp
4710.526315789473,0.007157894736842105,0.07894736842105263,0.08306865162390589,0.07558633060822406,bp
4710.526315789473,0.007157894736842105,0.08421052631578947,0.09313536921044155,0.08161908979298865,bp
4710.526315789473,0.007157894736842105,0.08947368421052632,0.10385074635456044,0.08759520284456686,bp
4710.526315789473,0.007157894736842105,0.09473684210526316,0.1152024230414049,0.09352367891650587,bp
4710.526315789473,0.007157894736842105,0.1,0.12718112782528884,0.09941037831384136,bp
4973.684210526316,0.001,0.005263157894736842,0.9613920700876882,0.11977967121745643,bp
4973.684210526316,0.0030526315789473684,0.010526315789473684,0.04712895588004331,0.039235931747524364,bp
4973.684210526316,0.0030526315789473684,0.015789473684210527,0.10134997955725503,0.06202052672826636,bp
4973.684210526316,0.0030526315789473684,0.021052631578947368,0.17683414117743276,0.08444075783644703,bp
4973.684210526316,0.0030526315789473684,0.02631578947368421,0.27318211296842576,0.10659790089182998,bp
4973.684210526316,0.0030526315789473684,0.031578947368421054,0.39006136346360065,0.12852039502307883,bp
4973.684210526316,0.0030526315789473684,0.03684210526315789,0.5271575849840865,0.15022162078614273,bp
4973.684210526316,0.0030526315789473684,0.042105263157894736,0.6841669932078295,0.1717100514241036,bp
4973.684210526316,0.0030526315789473684,0.04736842105263158,0.8607942095999004,0.1929921038229075,bp
4973.684210526316,0.005105263157894737,0.02631578947368421,0.04039103478686011,0.04035150364878213,bp
4973.684210526316,0.005105263157894737,0.031578947368421054,0.05477033676895935,0.05124037543366419,bp
4973.684210526316,0.005105263157894737,0.03684210526315789,0.07209339499421284,0.06173305869498,bp
4973.684210526316,0.005105263157894737,0.042105263157894736,0.0921175153305976,0.07205584016647935,bp
4973.684210526316,0.005105263157894737,0.04736842105263158,0.11476853301004378,0.08226410400378695,bp
4973.684210526316,0.005105263157894737,0.05263157894736842,0.140003079862435,0.09238126728272972,bp
4973.684210526316,0.005105263157894737,0.05789473684210526,0.16778843959491865,0.10241953251876093,bp
4973.684210526316,0.005105263157894737,0.06315789473684211,0.19809662640343004,0.11238613876907226,bp
4973.684210526316,0.005105263157894737,0.06842105263157895,0.23090213072737759,0.12228580461694548,bp
4973.684210526316,0.005105263157894737,0.07368421052631578,0.2661809179071936,0.13212184202667743,bp
4973.684210526316,0.005105263157894737,0.07894736842105263,0.3039099329342384,0.14189672066540945,bp
4973.684210526316,0.005105263157894737,0.08421052631578947,0.34406683458258513,0.15455659788963477,bp
4973.684210526316,0.005105263157894737,0.08947368421052632,0.38662984280993723,0.20656383053918267,bp
4973.684210526316,0.005105263157894737,0.09473684210526316,0.431577645977623,0.2722746566113867,bp
4973.684210526316,0.005105263157894737,0.1,0.4788893414360354,0.34206414063530055,bp
4973.684210526316,0.007157894736842105,0.06315789473684211,0.05791709346657916,0.057653154161312725,bp
4973.684210526316,0.007157894736842105,0.06842105263157895,0.06601753435079172,0.06408493460882507,bp
4973.684210526316,0.007157894736842105,0.07368421052631578,0.07490171056244853,0.07034910239761759,bp
4973.684210526316,0.007157894736842105,0.07894736842105263,0.08449588272616047,0.07651654752907734,bp
4973.684210526316,0.007157894736842105,0.08421052631578947,0.09476950371656094,0.08261477547659046,bp
4973.684210526316,0.007157894736842105,0.08947368421052632,0.10570500351622243,0.08865818078377671,bp
4973.684210526316,0.007157894736842105,0.09473684210526316,0.1172904697277291,0.09465540783101709,bp
4973.684210526316,0.007157894736842105,0.1,0.12951692013769295,0.10061210797812849,bp
5236.8421052631575,0.001,0.005263157894736842,0.9770183920438205,0.12080671949990811,bp
5236.8421052631575,0.0030526315789473684,0.010526315789473684,0.04782961375361515,0.03961494863450002,bp
5236.8421052631575,0.0030526315789473684,0.015789473684210527,0.10294964401958227,0.06259645099030538,bp
5236.8421052631575,0.0030526315789473684,0.021052631578947368,0.17970708067896218,0.08522425376062648,bp
5236.8421052631575,0.0030526315789473684,0.02631578947368421,0.2777136043016445,0.10759757305743337,bp
5236.8421052631575,0.0030526315789473684,0.031578947368421054,0.39664579700972874,0.1297441570020627,bp
5236.8421052631575,0.0030526315789473684,0.03684210526315789,0.5361977099888074,0.15167692248770917,bp
5236.8421052631575,0.0030526315789473684,0.042105263157894736,0.6960733330854196,0.1734039538453141,bp
5236.8421052631575,0.0030526315789473684,0.04736842105263158,0.8759845382032716,0.19496443157886303,bp
5236.8421052631575,0.005105263157894737,0.02631578947368421,0.040914201240557314,0.040827034223588764,bp
5236.8421052631575,0.005105263157894737,0.031578947368421054,0.05556900920371207,0.05178485568628552,bp
5236.8421052631575,0.005105263157894737,0.03684210526315789,0.07319595392162681,0.06236839374049828,bp
5236.8421052631575,0.005105263157894737,0.042105263157894736,0.09356975373699304,0.07278713057624364,bp
5236.8421052631575,0.005105263157894737,0.04736842105263158,0.11661867923319309,0.08309460347283718,bp
5236.8421052631575,0.005105263157894737,0.05263157894736842,0.1423005438131421,0.09331361610909487,bp
5236.8421052631575,0.005105263157894737,0.05789473684210526,0.17058347089464682,0.10345607872285342,bp
5236.8421052631575,0.005105263157894737,0.06315789473684211,0.20144017552973809,0.11352905625488481,bp
5236.8421052631575,0.005105263157894737,0.06842105263157895,0.23484577553598315,0.12353714616023945,bp
5236.8421052631575,0.005105263157894737,0.07368421052631578,0.2707768162628112,0.1334835665162168,bp
5236.8421052631575,0.005105263157894737,0.07894736842105263,0.30921078746860686,0.1433707086743899,bp
5236.8421052631575,0.005105263157894737,0.08421052631578947,0.35012586380975136,0.1575100227876551,bp
5236.8421052631575,0.005105263157894737,0.08947368421052632,0.3935007559443641,0.2118367350748685,bp
5236.8421052631575,0.005105263157894737,0.09473684210526316,0.4393146201237908,0.2789725937080065,bp
5236.8421052631575,0.005105263157894737,0.1,0.48754700043324933,0.3500447761679744,bp
5236.8421052631575,0.007157894736842105,0.06315789473684211,0.05871571726717112,0.058345327046054295,bp
5236.8421052631575,0.007157894736842105,0.06842105263157895,0.06698164218049305,0.06482050120451431,bp
5236.8421052631575,0.007157894736842105,0.07368421052631578,0.07603442943684317,0.07113856454295148,bp
5236.8421052631575,0.007157894736842105,0.07894736842105263,0.08580712265039714,0.07736371377493088,bp
5236.8421052631575,0.007157894736842105,0.08421052631578947,0.09627081549541949,0.08352190090980645,bp
5236.8421052631575,0.007157894736842105,0.08947368421052632,0.10740864111409736,0.08962690230696219,bp
5236.8421052631575,0.007157894736842105,0.09473684210526316,0.11920907999350283,0.09568705208768856,bp
5236.8421052631575,0.007157894736842105,0.1,0.13166340976400087,0.10170782206237747,bp
5500.0,0.001,0.005263157894736842,0.9914018906345778,0.12174529724617722,bp
5500.0,0.0030526315789473684,0.010526315789473684,0.048474471400450705,0.039961079943263964,bp
5500.0,0.0030526315789473684,0.015789473684210527,0.10442210037214072,0.06312273449747088,bp
5500.0,0.0030526315789473684,0.021052631578947368,0.1823523183329289,0.08594051318389183,bp
5500.0,0.0030526315789473684,0.02631578947368421,0.28188721177053117,0.10851181166095661,bp
5500.0,0.0030526315789473684,0.031578947368421054,0.4027120893479103,0.130863764824185,bp
5500.0,0.0030526315789473684,0.03684210526315789,0.5445290522404111,0.15300887753007145,bp
5500.0,0.0030526315789473684,0.042105263157894736,0.7070496136164351,0.1749548884121273,bp
5500.0,0.0030526315789473684,0.04736842105263158,0.8899926953669491,0.19819699458522735,bp
5500.0,0.005105263157894737,0.02631578947368421,0.041399151028618644,0.04125840943464613,bp
5500.0,0.005105263157894737,0.031578947368421054,0.05630475017566194,0.05228212185209141,bp
5500.0,0.005105263157894737,0.03684210526315789,0.07421140006336581,0.06294904824727894,bp
5500.0,0.005105263157894737,0.042105263157894736,0.09490733318999664,0.0734557442695686,bp
5500.0,0.005105263157894737,0.04736842105263158,0.11832298230605823,0.08385415522045517,bp
5500.0,0.005105263157894737,0.05263157894736842,0.14441724949675738,0.09416654791519959,bp
5500.0,0.005105263157894737,0.05789473684210526,0.17315904895514184,0.10440457495795057,bp
5500.0,0.005105263157894737,0.06315789473684211,0.20452176423944277,0.11457514715340456,bp
5500.0,0.005105263157894737,0.06842105263157895,0.23848111647778017,0.12468275442914209,bp
5500.0,0.005105263157894737,0.07368421052631578,0.2750142120213715,0.13473053134990115,bp
5500.0,0.005105263157894737,0.07894736842105263,0.3140990699832887,0.14472079948197564,bp
5500.0,0.005105263157894737,0.08421052631578947,0.35571436832433145,0.16003143852012697,bp
5500.0,0.005105263157894737,0.08947368421052632,0.3998392982163194,0.21688641356649385,bp
5500.0,0.005105263157894737,0.09473684210526316,0.44645347572028554,0.285324193136134,bp
5500.0,0.005105263157894737,0.1,0.49553688548183417,0.3575678024466925,bp
5500.0,0.007157894736842105,0.06315789473684211,0.05945406953532546,0.0589757956063832,bp
5500.0,0.007157894736842105,0.06842105263157895,0.06787083589984254,0.06549235421701008,bp
5500.0,0.007157894736842105,0.07368421052631578,0.07707864636225122,0.07186022596825772,bp
5500.0,0.007157894736842105,0.07894736842105263,0.08701576454502116,0.07813847570055502,bp
5500.0,0.007157894736842105,0.08421052631578947,0.09765465682502697,0.08435176870428451,bp
5500.0,0.007157894736842105,0.08947368421052632,0.1089790651253139,0.09051335639467957,bp
5500.0,0.007157894736842105,0.09473684210526316,0.1209778186683812,0.09663130585380332,bp
5500.0,0.007157894736842105,0.1,0.13364243055474068,0.10271093298990691,bp
