Time (hours),"0nM, WT","250nM, WT","0nM, nA","250nM, nA","0nM, nA_A","250nM, nA_A","0nM, nB","250nM, nB","0nM, nB_B","250nM, nB_B","0nM, nB_Bmut","250nM, nB_Bmut","0nM, nR","250nM, nR","0nM, nR_R","250nM, nR_R","0nM, WT std","250nM, WT std","0nM, nA std","250nM, nA std","0nM, nA_A std","250nM, nA_A std","0nM, nB std","250nM, nB std","0nM, nB_B std","250nM, nB_B std","0nM, nB_Bmut std","250nM, nB_Bmut std","0nM, nR std","250nM, nR std","0nM, nR_R std","250nM, nR_R std"
0.0,0.06,0.06233333333333333,0.06366666666666666,0.05766666666666667,0.06,0.05766666666666667,0.06666666666666667,0.061,0.06566666666666666,0.059666666666666666,0.058666666666666666,0.055,0.056499999999999995,0.061,0.061,0.064,0.0043588989435406735,0.0023094010767585054,0.0020816659994661348,0.0005773502691896263,0.005196152422706633,0.0005773502691896263,0.001527525231651948,0.002999999999999999,0.0020816659994661348,0.0037859388972001817,0.00404145188432738,0.0030000000000000027,0.006363961030678929,0.0014142135623730963,0.0014142135623730963,0.004242640687119289
0.3333333333333333,0.068,0.07100000000000001,0.057999999999999996,0.057666666666666665,0.057666666666666665,0.057666666666666665,0.067,0.06166666666666667,0.065,0.057333333333333326,0.064,0.055,0.054,0.0625,0.063,0.068,0.003999999999999997,0.005196152422706628,0.0019999999999999983,0.0011547005383792486,0.004163331998932265,0.0011547005383792486,0.002645751311064593,0.0020816659994661343,0.0010000000000000009,0.004509249752822895,0.016822603841260726,0.004582575694955837,0.007071067811865472,0.0021213203435596446,0.0014142135623730963,0.0
0.6666666666666666,0.09366666666666668,0.106,0.057999999999999996,0.05566666666666667,0.059666666666666666,0.05566666666666667,0.069,0.064,0.068,0.06233333333333333,0.057999999999999996,0.056666666666666664,0.058,0.07100000000000001,0.075,0.0875,0.04273562136360407,0.01587450786638754,0.0019999999999999983,0.0025166114784235852,0.005859465277082317,0.0025166114784235852,0.002645751311064585,0.005291502622129186,0.003999999999999997,0.004509249752822895,0.0043588989435406735,0.0055075705472861025,0.0,0.008485281374238568,0.004242640687119289,0.016263455967290598
1.0,0.11066666666666668,0.128,0.06066666666666667,0.06066666666666667,0.06333333333333334,0.06066666666666667,0.07533333333333332,0.076,0.07566666666666666,0.07766666666666666,0.06133333333333333,0.06133333333333333,0.0655,0.075,0.0775,0.0815,0.060912505557835436,0.02264950330581225,0.0025166114784235818,0.0015275252316519481,0.004725815626252609,0.0015275252316519481,0.001527525231651948,0.0040000000000000036,0.0025166114784235852,0.013316656236958784,0.0030550504633038923,0.0058594652770823175,0.004949747468305837,0.0,0.004949747468305837,0.0021213203435596446
1.3333333333333333,0.10566666666666664,0.11766666666666666,0.07666666666666666,0.07866666666666666,0.077,0.07866666666666666,0.08800000000000001,0.08800000000000001,0.09233333333333334,0.11033333333333332,0.07133333333333333,0.071,0.08499999999999999,0.0825,0.0895,0.0875,0.031501322723551356,0.004725815626252605,0.002309401076758505,0.0025166114784235852,0.002645751311064593,0.0025166114784235852,0.002645751311064593,0.002645751311064593,0.001527525231651948,0.016072751268321594,0.002081665999466127,0.004358898943540669,0.007071067811865472,0.0007071067811865482,0.004949747468305837,0.0007071067811865482
1.6666666666666667,0.13633333333333333,0.14400000000000002,0.09800000000000002,0.103,0.10166666666666667,0.103,0.11233333333333334,0.118,0.11833333333333333,0.16766666666666666,0.085,0.08666666666666667,0.093,0.0935,0.10500000000000001,0.1005,0.052548390397169485,0.014422205101855955,0.002645751311064593,0.0010000000000000009,0.002309401076758497,0.0010000000000000009,0.0030550504633038962,0.006082762530298217,0.001527525231651942,0.014468356276140466,0.0036055512754639848,0.007371114795831992,0.0014142135623730963,0.0007071067811865482,0.011313708498984762,0.0007071067811865482
2.0,0.21833333333333335,0.27599999999999997,0.14300000000000002,0.151,0.15133333333333332,0.151,0.15033333333333332,0.16866666666666666,0.17866666666666667,0.19066666666666668,0.12266666666666666,0.11366666666666665,0.099,0.08349999999999999,0.10800000000000001,0.0975,0.1080061726631091,0.11416216536138409,0.0059999999999999915,0.006244997998398403,0.003055050463303896,0.006244997998398403,0.001527525231651948,0.01115048578911848,0.0020816659994661348,0.013650396819628858,0.00901849950564579,0.005686240703077324,0.021213203435596427,0.006363961030678923,0.03252691193458118,0.004949747468305837
2.3333333333333335,0.3306666666666666,0.38633333333333336,0.21533333333333335,0.254,0.24433333333333332,0.254,0.21366666666666667,0.24266666666666667,0.2763333333333334,0.3066666666666667,0.161,0.17566666666666667,0.23099999999999998,0.189,0.262,0.20350000000000001,0.2064517699932198,0.06615386106141752,0.0020816659994661348,0.02821347195933178,0.0037859388972001857,0.02821347195933178,0.006658328118479399,0.025106440076867402,0.0020816659994661348,0.02657693235370352,0.006557438524302006,0.025106440076867406,0.02828427124746191,0.005656854249492385,0.10182337649086286,0.0007071067811865285
2.6666666666666665,0.5173333333333333,0.6326666666666667,0.31266666666666665,0.32833333333333337,0.3499999999999999,0.32833333333333337,0.289,0.3376666666666666,0.37966666666666665,0.38533333333333336,0.254,0.23666666666666666,0.353,0.2735,0.3235,0.2875,0.35500187792930527,0.22844328253055143,0.010214368964029717,0.017785762095938816,0.011135528725660029,0.017785762095938816,0.015524174696260011,0.03478984526170436,0.007234178138070241,0.009712534856222319,0.017776388834631177,0.025482019804821864,0.042426406871192854,0.010606601717798222,0.07141778489984128,0.0021213203435596446
3.0,0.6576666666666667,0.759,0.4426666666666667,0.509,0.4626666666666666,0.509,0.37966666666666665,0.405,0.48500000000000004,0.6526666666666667,0.306,0.312,0.403,0.3825,0.38349999999999995,0.4075,0.38667859177013325,0.30340072511449273,0.05589573627150226,0.04464302857109944,0.0165025250593154,0.04464302857109944,0.006806859285554052,0.018520259177452123,0.02211334438749598,0.09833276835995888,0.011269427669584655,0.018330302779823376,0.01555634918610402,0.02333452377915609,0.0417193000900063,0.0007071067811865482
3.3333333333333335,0.8643333333333333,0.955,0.513,0.586,0.5830000000000001,0.586,0.48699999999999993,0.516,0.621,0.622,0.4086666666666667,0.4163333333333334,0.488,0.6745,0.5195000000000001,0.49350000000000005,0.43625833325374236,0.3218369152226015,0.005196152422706636,0.06392964883369842,0.016462077633154343,0.06392964883369842,0.008717797887081356,0.03671511950137167,0.013856406460551031,0.02553429066960743,0.012220201853215554,0.029263173671584784,0.04101219330881976,0.09970205614730321,0.0035355339059327407,0.06434671708797583
3.6666666666666665,1.0923333333333334,1.1176666666666668,0.6333333333333333,0.7050000000000001,0.6763333333333333,0.7050000000000001,0.6086666666666666,0.6046666666666666,0.7636666666666666,0.7616666666666667,0.49833333333333335,0.5133333333333333,0.6040000000000001,0.451,0.58,0.4855,0.4350681938884217,0.3470004803070643,0.046800997140374445,0.0727530068107154,0.025423086620891083,0.0727530068107154,0.03043572462310262,0.019347695814575287,0.017616280348965098,0.013012814197295436,0.01594783161854093,0.007571877794400371,0.07353910524340093,0.012727922061357866,0.008485281374238578,0.013435028842544414
3.95,0.9406666666666667,1.0293333333333334,0.6373333333333333,0.723,0.7286666666666667,0.723,0.6463333333333333,0.842,0.8010000000000002,1.0183333333333333,0.5683333333333334,0.6103333333333333,0.76,0.6074999999999999,0.7455,0.611,0.4213078842525183,0.2190121762216278,0.007505553499465142,0.02816025568065747,0.010785793124908967,0.02816025568065747,0.0050332229568471705,0.20872709455171362,0.012124355652982153,0.12493331554606775,0.01975685535031655,0.001527525231651948,0.0834386001800126,0.051618795026618015,0.020506096654409896,0.02262741699796954
4.283333333333333,1.2659999999999998,0.8756666666666666,0.6943333333333334,0.9039999999999999,0.786,0.9039999999999999,0.738,0.7616666666666667,0.852,0.9123333333333333,0.6356666666666667,0.7426666666666666,0.8145,0.6845,0.8055,0.63,0.45484502855368225,0.03453018003621376,0.017559422921421187,0.3612852058969478,0.011357816691600558,0.3612852058969478,0.008660254037844395,0.021385353243127275,0.022338307903688695,0.05325723737984663,0.006806859285554052,0.07850053078376817,0.03606244584051388,0.12091525958289966,0.021920310216782913,0.005656854249492385
4.616666666666666,1.524,0.9496666666666668,0.7813333333333334,0.9536666666666668,0.8796666666666667,0.9536666666666668,0.9820000000000001,0.9043333333333333,0.9456666666666668,0.9856666666666666,0.714,0.7143333333333333,1.1085,0.696,0.92,0.6839999999999999,0.2316117440891113,0.07975169799655261,0.04202776859807492,0.2776154414533408,0.02720906711619005,0.2776154414533408,0.2405265058158871,0.13579518891821366,0.022501851775650204,0.010066445913694343,0.021166010488516743,0.01703917055884276,0.17465537495307723,0.04808326112068519,0.007071067811865481,0.016970562748477077
4.95,1.5919999999999999,0.9783333333333334,0.9066666666666666,0.8180000000000001,0.9483333333333333,0.8180000000000001,1.2233333333333334,0.8743333333333334,1.021,1.0903333333333334,0.8029999999999999,0.7596666666666666,1.2215,0.764,1.0205,0.7875000000000001,0.20347727145801817,0.01700980109623078,0.05424327915358115,0.02515949125081821,0.010263202878893716,0.02515949125081821,0.5074784067655818,0.057830211250983095,0.028583211855912963,0.04135617648348713,0.047623523599162616,0.015011106998930284,0.24253762594698577,0.06363961030678934,0.0586898628384835,0.017677669529663705
5.283333333333333,1.7133333333333332,1.0543333333333333,0.9663333333333334,0.9096666666666667,0.9753333333333334,0.9096666666666667,1.1223333333333334,0.941,1.074,1.1066666666666667,0.8416666666666667,0.8343333333333334,1.3115,0.77,1.0995,0.7545,0.20764472864326064,0.08310435207215883,0.051733290377988975,0.011590225767142484,0.012055427546683426,0.011590225767142484,0.31236090237629516,0.08407139822793477,0.01743559577416271,0.03855299383100272,0.01955334583474997,0.040857475856118826,0.19162593770155445,0.021213203435596444,0.010606601717798144,0.01626345596729061
5.616666666666666,1.708,1.081,1.0073333333333332,0.9533333333333333,1.0033333333333332,0.9533333333333333,0.9796666666666667,0.969,1.1023333333333334,1.0913333333333333,1.098,0.874,1.362,0.8015,1.3345,0.789,0.16388715629969297,0.10147413463538381,0.08764321612842232,0.013203534880225585,0.02055075018906443,0.013203534880225585,0.015885003409925155,0.07466592261534041,0.03134219732777726,0.011676186592091398,0.27925436433474055,0.01967231557290602,0.1810193359837562,0.060104076400856514,0.15202795795510762,0.02262741699796954
5.95,1.8486666666666667,1.1823333333333335,1.088,1.0673333333333332,1.0759999999999998,1.0673333333333332,1.076,1.0693333333333335,1.1396666666666666,1.1386666666666667,0.9899999999999999,0.8916666666666666,1.518,0.8859999999999999,1.3165,0.9249999999999999,0.20269270666043546,0.10660362720533162,0.06869497798238246,0.06921223398600378,0.04899999999999998,0.06921223398600378,0.05499090833947013,0.06446963109351052,0.02309401076758505,0.008504900548115368,0.0303150127824482,0.0050332229568471705,0.1767766952966369,0.19657568516986015,0.014849242404917433,0.15273506473629425
6.283333333333333,1.7523333333333333,1.1846666666666668,1.1213333333333335,1.0999999999999999,1.07,1.0999999999999999,1.0703333333333334,1.0986666666666667,1.136,1.1396666666666666,1.0150000000000001,0.9269999999999999,1.4529999999999998,0.9430000000000001,1.553,1.0110000000000001,0.31865707795894516,0.10675829397912526,0.1004207813818103,0.1320454467219525,0.011532562594670826,0.1320454467219525,0.06047589051294193,0.08889506922958854,0.02107130750570539,0.023459184413217125,0.08863972021616502,0.03726929030716842,0.14424978336205568,0.13152186130069787,0.2432447327281724,0.09758073580374364
6.616666666666666,1.899,1.3186666666666669,1.3813333333333333,1.1033333333333333,1.1526666666666667,1.1033333333333333,1.137,1.152,1.2336666666666667,1.184,1.0503333333333333,0.9483333333333334,1.6044999999999998,1.026,1.4420000000000002,0.8955,0.17500857121866914,0.19351055096126746,0.11208181535527224,0.13521217893863452,0.13215647291500077,0.13521217893863452,0.09124143795447329,0.04107310555582571,0.09847503913852142,0.016093476939431087,0.05918051481132394,0.016041612554021246,0.05303300858899103,0.25314422766478406,0.1725340546095176,0.03464823227814086
6.95,1.717666666666667,1.2566666666666666,1.0876666666666666,0.9346666666666668,1.07,0.9346666666666668,1.1316666666666666,1.0450000000000002,1.1726666666666665,1.1896666666666669,1.0410000000000001,0.891,1.4685,0.9675,1.4815,0.8965,0.32598210584836296,0.06575966342168525,0.0909633625880955,0.008962886439832445,0.024556058315617385,0.008962886439832445,0.06961561127601572,0.02910326442171048,0.02967041174863156,0.005773502691896263,0.05237365750069406,0.02260530911091465,0.09121677477306463,0.1831406563273158,0.25950818869546294,0.08131727983645295
7.283333333333333,1.8446666666666667,1.2853333333333332,1.252,1.022,1.1776666666666669,1.022,1.1703333333333334,1.2283333333333333,1.209666666666667,1.234,1.1336666666666666,1.0296666666666667,1.593,1.079,1.5975000000000001,1.0225,0.22541147560258185,0.12122018533781134,0.16891121928397768,0.11650321883965271,0.10382838404469813,0.11650321883965271,0.11250037036976077,0.11514049389043514,0.015044378795195754,0.02426932219902315,0.10617124532251343,0.0695149863938226,0.03676955262170051,0.18243354954612925,0.20435385976291218,0.05020458146424492
7.616666666666666,2.0343333333333335,1.3923333333333332,1.5583333333333336,1.0476666666666665,1.2289999999999999,1.0476666666666665,1.248,1.2726666666666666,1.4203333333333334,1.3230000000000002,1.202,1.2206666666666666,1.7109999999999999,1.146,1.617,1.0594999999999999,0.1286247772916764,0.20024068850594118,0.1765398916203738,0.1875428839847925,0.12882934448331254,0.1875428839847925,0.1663520363566373,0.05804595880277403,0.23737171974212373,0.08087644898238303,0.11153026495081957,0.013051181300301336,0.018384776310850254,0.0933380951166242,0.20647518010647176,0.04030508652763332
7.95,2.0016666666666665,1.3699999999999999,1.4283333333333335,1.5013333333333334,1.2543333333333333,1.5013333333333334,1.2903333333333333,1.5513333333333332,1.4969999999999999,1.3046666666666666,1.1496666666666666,1.2389999999999999,1.7535,1.1515,1.6985000000000001,1.1985000000000001,0.20018574707839054,0.15208878985645186,0.10225621415509839,0.694631077143352,0.09084235429211057,0.694631077143352,0.15332427509475907,0.32332233658275666,0.2467123831509071,0.053966038703367296,0.07854510381515416,0.11784735890124985,0.054447222151364126,0.21849599538664322,0.15768481220460015,0.023334523779156166
8.283333333333333,2.0156666666666667,1.406,1.5826666666666664,0.9980000000000001,1.2736666666666665,0.9980000000000001,1.209666666666667,1.4773333333333334,1.487,1.3339999999999999,1.297,1.3659999999999999,1.8035,1.2065000000000001,1.8555000000000001,1.281,0.1768963915215155,0.2196428919860599,0.19976569608752484,0.030265491900843138,0.10464384039843597,0.030265491900843138,0.051858782605585,0.4667486832689871,0.2731281750387536,0.058591808301161,0.21064899714928623,0.030049958402633404,0.01626345596729053,0.16899852070358493,0.12374368670764585,0.008485281374238578
8.616666666666667,1.9803333333333333,1.3453333333333333,1.3376666666666666,0.9803333333333333,1.3686666666666667,0.9803333333333333,1.2886666666666666,1.115,1.5796666666666666,1.3836666666666666,1.407,1.2383333333333333,1.7635,1.4035,1.7614999999999998,1.383,0.22498073991640566,0.20568503429596754,0.13280562237094243,0.04128357219685981,0.03636390151418482,0.04128357219685981,0.08775724091682306,0.043508619835614167,0.2229671126721009,0.10048548817283694,0.4818848410149463,0.23644097219672683,0.05727564927611032,0.05727564927611032,0.1619274528917193,0.04101219330881964
8.95,2.058,1.3113333333333335,1.2543333333333333,1.101,1.391,1.101,1.2363333333333333,1.336,1.5306666666666668,1.3800000000000001,1.2063333333333335,1.5083333333333335,1.891,1.5514999999999999,1.9660000000000002,1.562,0.21474636201807945,0.21811541287431596,0.10885923632532665,0.21053028285735997,0.045398237851264664,0.21053028285735997,0.031005375877955876,0.2061358775177188,0.3173426119091688,0.08088881257627661,0.036295086903509896,0.016041612554021194,0.0014142135623730963,0.04737615433949865,0.10323759005323603,0.04242640687119289
9.283333333333333,2.037,1.392666666666667,1.3333333333333333,1.006,1.4483333333333333,1.006,1.248,1.228,1.59,1.444,1.217,1.5893333333333333,1.875,1.571,1.9815,1.561,0.1821976948262518,0.29967037446723577,0.11001060554934383,0.026057628441590736,0.12239417197454024,0.026057628441590736,0.03278719262150996,0.23698945124203308,0.3034023730955313,0.13777155003846045,0.08095060222135475,0.016196707484341866,0.021213203435596288,0.016970562748477157,0.09687362902255686,0.029698484809835023
9.616666666666667,1.7133333333333332,1.2870000000000001,1.195,1.005,1.3056666666666665,1.005,1.2626666666666666,1.1733333333333336,1.4486666666666668,1.3699999999999999,1.2043333333333333,1.393,1.6825,1.539,1.8845,1.5495,0.3598573791564282,0.04687216658103184,0.018193405398660236,0.020784609690826482,0.058688442928172276,0.020784609690826482,0.03385754470326121,0.11153624224140483,0.1458023776669411,0.028513154858766477,0.013316656236958796,0.1879601021493657,0.08838834764831845,0.04242640687119289,0.15627059864222706,0.01767766952966378
9.95,2.0726666666666667,1.5626666666666666,1.5046666666666664,1.0266666666666666,1.5173333333333332,1.0266666666666666,1.325,1.353,1.7906666666666666,1.4916666666666665,1.2413333333333334,1.5746666666666667,1.901,1.642,2.0700000000000003,1.638,0.19951023365565326,0.26690322840560277,0.10828819572480346,0.00896288643983248,0.23150017998553124,0.00896288643983248,0.03487119154832542,0.2076367019580113,0.1785842471589623,0.1589853242703028,0.014571661996262896,0.010016652800877884,0.005656854249492385,0.0028284271247461927,0.05374011537017766,0.007071067811865481
10.283333333333333,1.984,1.5353333333333332,1.471,1.0250000000000001,1.547,1.0250000000000001,1.3303333333333331,1.3513333333333335,1.7836666666666667,1.494,1.2656666666666665,1.601,1.982,1.708,2.1475,1.706,0.2017027515925353,0.29778235900290223,0.10531381675734677,0.03700000000000003,0.2367044570767522,0.03700000000000003,0.05559076661940656,0.2699895059689049,0.24309737418025174,0.17493713156445656,0.027392213005402358,0.016522711641858347,0.016970562748477157,0.014142135623730963,0.0869741340859455,0.012727922061357868
10.616666666666667,2.076,1.641,1.6366666666666667,1.0996666666666666,1.859,1.0996666666666666,1.3960000000000001,1.4589999999999999,1.8953333333333333,1.5623333333333334,1.3010000000000002,1.5670000000000002,2.0095,1.7725,2.2125,1.766,0.16555361669259916,0.30311548954152767,0.08051293891874359,0.02079262689833424,0.22592697935394954,0.02079262689833424,0.0727461339178928,0.2617708921939183,0.18305281569354068,0.18153328436772506,0.01100000000000001,0.06907242575731645,0.02050609665440982,0.026162950903902204,0.08131727983645312,0.008485281374238578
10.95,2.050333333333333,1.606,1.718,1.0716666666666665,1.6296666666666664,1.0716666666666665,1.5056666666666665,1.4763333333333335,1.9486666666666668,1.564,1.3393333333333333,1.5606666666666669,1.8525,1.7265000000000001,1.979,1.731,0.22811035341109206,0.3068533851858245,0.12474373731775068,0.02695057204092951,0.19337097334743228,0.02695057204092951,0.09178416711684723,0.21718732314141478,0.11628126819627196,0.14574978559160906,0.026274195198584795,0.05749202843293441,0.18596908345206192,0.024748737341529107,0.19798989873223347,0.01131370849898477
11.283333333333333,2.023,1.6603333333333332,1.7753333333333334,1.1153333333333333,1.484,1.1153333333333333,1.3983333333333334,1.5566666666666666,1.952,1.5353333333333332,1.3326666666666667,1.5113333333333332,1.6680000000000001,1.7285,2.064,1.7285,0.2702165798022023,0.33624148068513693,0.06406507108661738,0.11927419391189915,0.3093994182282831,0.11927419391189915,0.054500764520631566,0.17845260808778712,0.1782442144923644,0.19958039315857987,0.028307831660749554,0.05714309523759926,0.42426406871192845,0.002121320343559566,0.13576450198781725,0.004949747468305759
11.616666666666667,1.8070000000000002,1.6589999999999998,1.4770000000000003,1.0606666666666666,1.409,1.0606666666666666,1.4203333333333334,1.5486666666666669,1.771,1.5886666666666667,1.3469999999999998,1.461,1.5405000000000002,1.7125,1.8664999999999998,1.718,0.3379230681678894,0.2720055146499791,0.011135528725660053,0.058071794645364085,0.12644366334458992,0.058071794645364085,0.03189566323708186,0.14588465763517883,0.2064776016908371,0.165566703576937,0.025119713374160864,0.10421612159354227,0.2354665581351203,0.03181980515339475,0.13788582233137683,0.03111269837220812
11.95,2.18,1.8193333333333335,1.889,1.3,1.555,1.3,1.5633333333333332,1.7546666666666668,2.048,1.6239999999999999,1.4373333333333334,1.4576666666666667,1.7475,1.835,1.899,1.8115,0.22087100307645632,0.322497028410082,0.05771481612203229,0.10064293318460069,0.32630200734902015,0.10064293318460069,0.1237834129975956,0.08904680417248756,0.14377412840980822,0.21245234759823206,0.02627419519858478,0.10864774886454535,0.49851028073651604,0.016970562748477157,0.12162236636408628,0.012020815280171397
12.283333333333333,2.2740000000000005,1.761,1.9649999999999999,1.4736666666666665,1.6383333333333334,1.4736666666666665,1.6143333333333334,1.836,2.032666666666667,1.6460000000000001,1.4636666666666667,1.473,1.768,1.888,1.9245,1.863,0.2022374841615668,0.3880115977648092,0.04158124577258357,0.018175074506954086,0.38291687522663886,0.018175074506954086,0.042594991880892843,0.05483611948342077,0.2746567554846109,0.28579538134826454,0.034034296427770214,0.13880561948278605,0.4412346314604057,0.01555634918610406,0.033234018715767685,0.009899494936611674
12.616666666666667,2.302,1.9116666666666664,2.026666666666667,1.476,1.7263333333333335,1.476,1.787,1.8736666666666668,2.122666666666667,1.6903333333333332,1.5439999999999998,1.4513333333333334,1.773,1.8545,1.8319999999999999,1.8185,0.15062204353945022,0.30497595533637295,0.0815434444534527,0.024576411454889036,0.37050011246062176,0.024576411454889036,0.13491108182799516,0.04244211744639205,0.14011542860560833,0.23627596859040348,0.07202083032012328,0.14319683422943866,0.45396255352176346,0.0007071067811864697,0.02687005768508883,0.003535533905932662
12.95,2.361333333333333,1.8483333333333334,2.0793333333333335,1.5663333333333334,1.773,1.5663333333333334,1.8006666666666666,1.9046666666666667,2.089,1.6923333333333332,1.643,1.4653333333333334,1.766,1.827,1.958,1.778,0.1302164864114116,0.31700841208607267,0.08455964364478671,0.017039170558842763,0.47988227723057253,0.017039170558842763,0.14628852768871986,0.022501851775650224,0.27748693662945656,0.2053103342097843,0.09787236586493654,0.16807835474365326,0.33941125496954266,0.004242640687119289,0.0028284271247461927,0.007071067811865481
13.283333333333333,2.3810000000000002,1.965,2.1566666666666667,1.5483333333333331,1.835,1.5483333333333331,1.9323333333333332,1.8780000000000001,2.1646666666666667,1.7413333333333334,1.7443333333333333,1.3983333333333334,1.8079999999999998,1.818,1.9605,1.77,0.09850380703302798,0.20103979705520994,0.09209415471859966,0.025696951829610768,0.19519477452022121,0.025696951829610768,0.12145918381634761,0.027730849247724055,0.17137483284698882,0.212960872775572,0.06034346139668593,0.18154980951059502,0.23193102422918763,0.008485281374238578,0.05868986283848326,0.0014142135623730963
13.616666666666667,2.4026666666666667,2.1133333333333333,2.2183333333333337,1.593,1.904,1.593,1.9833333333333332,1.9043333333333334,2.1863333333333332,1.8253333333333333,1.8206666666666667,1.4603333333333335,1.9485000000000001,1.842,2.27,1.789,0.07059981114233475,0.13394899526809934,0.06784049921199967,0.021931712199461266,0.15850236591294148,0.021931712199461266,0.13740572525674946,0.023629078131263127,0.14657535036060226,0.2539849076881012,0.012897028081435367,0.0857049201232539,0.22556706319850878,0.005656854249492385,0.04101219330881964,0.005656854249492385
13.95,2.5096666666666665,2.2003333333333335,2.287333333333333,1.6813333333333331,2.127666666666667,1.6813333333333331,2.0536666666666665,1.9293333333333333,2.2323333333333335,1.8963333333333334,1.8780000000000001,1.4423333333333332,1.9355,1.88,2.3255,1.814,0.0451700490738424,0.129639243029776,0.04271221527073178,0.0625646332470137,0.38462232557839543,0.0625646332470137,0.15615803960518124,0.02328805129961138,0.13139381010281004,0.3104260513122785,0.07250517222929687,0.06465549731719133,0.23263813101037426,0.0028284271247461927,0.05303300858899119,0.007071067811865481
14.283333333333333,2.323,2.02,2.2426666666666666,1.595,1.748,1.595,1.7406666666666666,1.8976666666666666,1.9963333333333335,1.821,1.6933333333333334,1.365,1.6800000000000002,1.831,1.866,1.7755,0.06908690179766368,0.19097382019533457,0.06900241541666007,0.035042830935870496,0.34045410850803376,0.035042830935870496,0.11642307904076982,0.005686240703077286,0.16252486989175957,0.21299530511257767,0.16301635909728002,0.09114823092084681,0.18384776310850234,0.005656854249492385,0.11030865786510136,0.002121320343559566
14.616666666666667,2.497666666666667,2.2653333333333334,2.3633333333333333,1.6556666666666666,2.1236666666666664,1.6556666666666666,2.102,1.9186666666666667,2.1896666666666667,1.909,1.9956666666666667,1.429,1.979,1.847,2.205,1.769,0.03212994449626913,0.10336504889629428,0.023713568549109797,0.037740340927624655,0.3123496971878368,0.037740340927624655,0.12521581369779136,0.03569780572154726,0.16277080000212968,0.29450976214719954,0.06726316475853124,0.0730821455623738,0.21637467504308358,0.03252691193458122,0.14566399692442877,0.0
14.95,2.5346666666666664,2.2923333333333336,2.4203333333333332,1.6753333333333333,2.21,1.6753333333333333,2.205,1.904,2.1843333333333335,2.028333333333333,2.023,1.359,2.078,1.834,2.286,1.75,0.051159880114532374,0.09400177303292394,0.017009801096230667,0.03394603560555093,0.33619785841078753,0.03394603560555093,0.0628649345820069,0.035042830935870385,0.2767315185036452,0.2915035734486514,0.06331666447310683,0.06878953408767942,0.17111984104714434,0.024041630560342638,0.14707821048680203,0.005656854249492385
15.283333333333333,2.53,2.311,2.409,1.704,1.8853333333333335,1.704,2.106666666666667,1.9263333333333332,1.9749999999999999,2.089,1.9556666666666667,1.4033333333333333,1.7295,1.786,2.0195,1.756,0.09704122835166495,0.04158124577258361,0.03151190251317755,0.07017121917139539,0.3583717808831121,0.07017121917139539,0.051588112325741654,0.014843629385474939,0.37217065977854835,0.27101475974566414,0.18583146486355132,0.1293844400742737,0.037476659402886976,0.012727922061357868,0.014849242404917433,0.01131370849898477
15.616666666666667,2.5660000000000003,2.412,2.4516666666666667,1.6826666666666668,2.0756666666666668,1.6826666666666668,2.26,1.8960000000000001,2.175333333333333,2.1963333333333335,2.0393333333333334,1.3006666666666666,2.1785,1.8165,2.5105,1.763,0.04938623289946306,0.03296968304366891,0.007094598884597683,0.04110150037812898,0.07752633961005347,0.04110150037812898,0.030789608636681363,0.030512292604784687,0.29407538716005,0.18736150440614358,0.0909138786618047,0.07653975002136693,0.0657609306503489,0.02050609665440982,0.021920310216782757,0.012727922061357868
15.95,2.6183333333333327,2.452,2.501,1.6986666666666668,2.1703333333333337,1.6986666666666668,2.3193333333333332,1.9169999999999998,2.235666666666667,2.2653333333333334,2.1253333333333337,1.3203333333333334,2.2035,1.838,2.5919999999999996,1.787,0.06453164598345015,0.004582575694955771,0.029461839725312557,0.07200231477760508,0.12658725580931632,0.07200231477760508,0.006027713773341695,0.025865034312755088,0.32222559385209193,0.15632125042147457,0.09171877306927581,0.12790751867397523,0.034648232278141095,0.007071067811865481,0.0028284271247461927,0.014142135623730963
16.283333333333335,2.609,2.4686666666666666,2.510666666666667,1.6666666666666667,2.301666666666667,1.6666666666666667,2.376,1.883,2.257,2.3006666666666664,2.199333333333333,1.3483333333333334,2.2335000000000003,1.798,2.6325000000000003,1.763,0.07882258559575439,0.025579940057266364,0.01850225211517052,0.06274020507882751,0.25838795121548014,0.06274020507882751,0.038587562763149445,0.026229754097208027,0.31487775405703083,0.1187953422207005,0.08871489916205354,0.07341888948583551,0.04030508652763317,0.014142135623730963,0.01202081528017124,0.021213203435596444
16.616666666666667,2.602,2.4956666666666667,2.5233333333333334,1.6760000000000002,2.2863333333333333,1.6760000000000002,2.3836666666666666,1.9106666666666667,2.267333333333333,2.2763333333333335,2.2023333333333333,1.254,2.19,1.727,2.589,1.6985000000000001,0.07023531875061147,0.020526405757787556,0.012423096769056199,0.07158212067269307,0.13057692496506915,0.07158212067269307,0.026274195198584614,0.033531080109852396,0.24712817187308547,0.1706526686967812,0.046360903068569936,0.04392038251199547,0.09616652224137055,0.02262741699796954,0.02687005768508899,0.028991378028648554
16.95,2.6363333333333334,2.536,2.5753333333333335,1.6893333333333331,2.279666666666667,1.6893333333333331,2.4896666666666665,1.883,2.352,2.413,2.2449999999999997,1.2916666666666667,2.227,1.764,2.6475,1.7115,0.08051293891874359,0.0036055512754640234,0.018009256878986753,0.05459242926755809,0.05688878038184082,0.05459242926755809,0.05444569159569303,0.02088061301782112,0.2372277386816304,0.15434701163287884,0.07218725649309564,0.08732315462312001,0.07353910524340102,0.01131370849898477,0.021920310216782757,0.016263455967290685
17.283333333333335,2.6333333333333333,2.584,2.5886666666666667,1.665,2.3766666666666665,1.665,2.4666666666666663,1.8843333333333332,2.3013333333333335,2.4746666666666663,2.279333333333333,1.2813333333333332,2.2750000000000004,1.787,2.741,1.7505,0.0966971216393401,0.04450842616853592,0.02510644007686754,0.05838664230797997,0.21709982342999098,0.05838664230797997,0.012096831541082797,0.01892969448600089,0.27993987449688784,0.15189579761577773,0.09763366905598364,0.14099763591398742,0.019798989873223347,0.018384776310850254,0.007071067811865324,0.02333452377915601
17.616666666666667,2.6686666666666667,2.581666666666667,2.598333333333333,1.6686666666666667,2.3336666666666663,1.6686666666666667,2.4793333333333334,1.8803333333333334,2.3016666666666663,2.4956666666666667,2.290666666666667,1.3423333333333334,2.2874999999999996,1.7945,2.762,1.7725,0.10842662649613949,0.05103266927501779,0.022143471573656502,0.06712177987310324,0.090046284394934,0.06712177987310324,0.018475208614068043,0.017616280348965004,0.26591414654608597,0.1274414898427248,0.09643823584726827,0.12756305630288634,0.02333452377915601,0.026162950903902204,0.0014142135623729393,0.02050609665440982
17.95,2.5436666666666667,2.512333333333333,2.5643333333333334,1.6286666666666665,2.263333333333333,1.6286666666666665,2.4503333333333335,1.8533333333333335,2.1923333333333335,2.4456666666666664,2.2783333333333333,1.343,2.182,1.674,2.657,1.665,0.07683965989860532,0.06368935023481805,0.04518111699961994,0.04822171018673359,0.11365004766093718,0.04822171018673359,0.05750072463311524,0.004509249752822956,0.21242959618031887,0.13957554704651282,0.09611104688501372,0.14203168660548948,0.02262741699796954,0.029698484809835023,0.028284271247461926,0.02687005768508883
18.283333333333335,2.6376666666666666,2.565666666666667,2.6193333333333335,1.6236666666666668,2.3656666666666673,1.6236666666666668,2.5549999999999997,1.8273333333333335,2.366,2.526666666666667,2.3596666666666666,1.2743333333333333,2.2915,1.7485,2.7824999999999998,1.744,0.10038094108611134,0.060475890512941805,0.04174126655161927,0.06880649194177342,0.06069870948655612,0.06880649194177342,0.029000000000000137,0.014011899704655769,0.17806459502102034,0.09052255704150938,0.08409716602438727,0.11955891155967142,0.024748737341529263,0.021920310216782913,0.007778174593051794,0.016970562748477157
18.616666666666667,2.6496666666666666,2.595333333333333,2.6553333333333335,1.6416666666666668,2.449333333333333,1.6416666666666668,2.6073333333333335,1.853,2.418,2.521333333333333,2.3726666666666665,1.183,2.325,1.6960000000000002,2.8355,1.6905000000000001,0.09291573243177564,0.03774034092762453,0.029535289626704833,0.06254864773385058,0.08381129597693461,0.06254864773385058,0.019502136635079947,0.02330236039546217,0.11440716760762852,0.07186329614854386,0.06261256529909419,0.060695963621974,0.005656854249492385,0.01555634918610406,0.013435028842544494,0.006363961030679012
18.95,2.6413333333333333,2.5796666666666663,2.6476666666666664,1.627,2.4566666666666666,1.627,2.6243333333333334,1.8443333333333332,2.436,2.5453333333333332,2.441,1.272,2.334,1.738,2.8255,1.7375,0.10149055785309964,0.058943475748663945,0.05217598425840519,0.06349803146555023,0.10883626846475994,0.06349803146555023,0.03187998327059377,0.0160416125540213,0.10070253224224313,0.040501028793517475,0.08730979326513152,0.13523682930326333,0.0014142135623729393,0.039597979746446695,0.02050609665440982,0.013435028842544494
19.283333333333335,2.646666666666667,2.5949999999999998,2.686666666666667,1.6396666666666668,2.47,1.6396666666666668,2.6670000000000003,1.8510000000000002,2.485333333333333,2.5576666666666665,2.4633333333333334,1.231,2.328,1.7349999999999999,2.849,1.726,0.10319560714164805,0.07374957626996928,0.04965212315030782,0.046929024423413374,0.035594943461115434,0.046929024423413374,0.013114877048604116,0.006557438524302058,0.11888790238427681,0.0665006265634643,0.08030774142841607,0.15300980360748134,0.0,0.043840620433565985,0.02262741699796954,0.008485281374238578
19.616666666666667,2.6656666666666666,2.5693333333333332,2.7083333333333335,1.6106666666666667,2.4676666666666667,1.6106666666666667,2.675666666666667,1.8366666666666667,2.469,2.5723333333333334,2.459,1.2326666666666668,2.3449999999999998,1.7309999999999999,2.863,1.738,0.10152011294976658,0.05913825608972018,0.0655464212091958,0.06294706771036548,0.045785732857881976,0.06294706771036548,0.02919474838619667,0.021779194965226182,0.12211060560000525,0.03619852667351712,0.14267445461609454,0.19649512292505716,0.0028284271247461927,0.042426406871192736,0.019798989873223035,0.016970562748477157
19.95,2.5993333333333335,2.4953333333333334,2.6793333333333336,1.5786666666666667,2.3486666666666665,1.5786666666666667,2.6176666666666666,1.8686666666666667,2.2706666666666666,2.4813333333333336,2.421333333333333,1.1863333333333335,2.2465,1.6815,2.793,1.7205,0.11218882891506321,0.041186567389542614,0.05551876559626778,0.08074858099888409,0.15908593065803575,0.08074858099888409,0.05578829028867385,0.010969655114602834,0.18100920786891841,0.16156216553801622,0.12534086856781138,0.2055756146368857,0.016263455967290685,0.0629325035256027,0.039597979746446695,0.01484924240491759
20.283333333333335,2.578,2.4743333333333335,2.686,1.4856666666666667,2.353,1.4856666666666667,2.6253333333333333,1.8239999999999998,2.2933333333333334,2.4873333333333334,2.4613333333333336,1.0616666666666668,2.374,1.714,2.91,1.728,0.12052800504447105,0.0431315816233687,0.059632206063502134,0.04764801499887831,0.1515354743946117,0.04764801499887831,0.05404936015655805,0.009848857801796068,0.20449042357365635,0.1373693318515211,0.1286636441786619,0.15007109426313037,0.029698484809834867,0.024041630560342638,0.03111269837220812,0.0028284271247461927
20.616666666666667,2.639666666666667,2.4843333333333333,2.7153333333333336,1.5156666666666665,2.4316666666666666,1.5156666666666665,2.6783333333333332,1.812,2.4213333333333336,2.513666666666667,2.5066666666666664,1.0776666666666666,2.1855,1.6475,2.755,1.6945000000000001,0.10775125675987884,0.04473626418615367,0.07489548272982374,0.06217180497084932,0.126342128101965,0.06217180497084932,0.062308372899100434,0.01552417469625998,0.07857692621459128,0.10583635166299596,0.12155794228816692,0.11150037369145148,0.026162950903902516,0.028991378028648394,0.03535533905932725,0.003535533905932819
20.95,2.683,2.529666666666667,2.7546666666666666,1.571,2.575,1.571,2.7496666666666663,1.7726666666666666,2.5763333333333334,2.536,2.5546666666666664,1.1636666666666666,2.3920000000000003,1.689,2.9335,1.6995,0.11294246322796404,0.06636515149785549,0.060928920336186285,0.05901694671871801,0.005196152422706573,0.05901694671871801,0.0255799400572663,0.017473789896108226,0.11052752296750952,0.035510561809129496,0.10373202655560788,0.026576932353703602,0.03252691193458106,0.0028284271247461927,0.004949747468305602,0.033234018715767845
21.283333333333335,2.64,2.4783333333333335,2.737,1.532333333333333,2.5076666666666667,1.532333333333333,2.717333333333334,1.803,2.505,2.514333333333333,2.5673333333333335,1.177,2.38,1.7085,2.924,1.7355,0.11177208953938368,0.05536545252531876,0.08001874780324932,0.05946707772653144,0.08740900029935901,0.05946707772653144,0.05352880844305561,0.004358898943540652,0.07050531894828929,0.09890567897412836,0.15717930313286588,0.10851267207105353,0.03676955262170051,0.019091883092036722,0.02262741699796954,0.017677669529663625
21.616666666666667,2.705,2.5380000000000003,2.765333333333333,1.5293333333333334,2.586,1.5293333333333334,2.7603333333333335,1.7616666666666667,2.561,2.5733333333333337,2.6083333333333334,1.1956666666666667,2.3645,1.6865,2.9115,1.7165,0.11180787092150535,0.08623804264940146,0.08338065323163014,0.048952357791360035,0.05282991576748899,0.048952357791360035,0.04365012409298888,0.01855622087962233,0.0826135582092917,0.028148416178061172,0.11257145878655629,0.0731186250782476,0.024748737341529263,0.03040559159102149,0.03464823227814078,0.019091883092036722
